{"id":"01303","name":"Jack Ingram Motors, Inc.","website":"www.jackingrammercedes.com","location":{"lat":32.37762,"lon":-86.2092},"address":{"city":"Montgomery","state":"AL","street":"217 Eastern Blvd.","zip":"36124"}}
{"id":"01127","name":"Mercedes-Benz of Birmingham","website":"www.mbbhm.com","location":{"lat":33.3761027,"lon":-86.8039995},"address":{"city":"Irondale","state":"AL","street":"750 Mercedes Way","zip":"35210"}}
{"id":"01330","name":"Mercedes-Benz of Dothan","website":"www.dothan.mercedesdealer.com","location":{"lat":31.21291,"lon":-85.393084},"address":{"city":"Dothan","state":"AL","street":"2309 Ross Clark Circle","zip":"36301"}}
{"id":"01120","name":"Mercedes-Benz of Huntsville","website":"www.huntsville.mercedesdealer.com","location":{"lat":34.747971,"lon":-86.690283},"address":{"city":"Huntsville","state":"AL","street":"6520 University Drive NW","zip":"35806"}}
{"id":"01117","name":"Mercedes-Benz of Mobile","website":"www.mobile.mercedesdealer.com","location":{"lat":30.689737,"lon":-88.116468},"address":{"city":"Mobile","state":"AL","street":"3060 Dauphin Street","zip":"36606"}}
{"id":"01129","name":"Mercedes-Benz of Tuscaloosa","website":"www.leigh.mercedesdealer.com","location":{"lat":33.170547,"lon":-87.495628},"address":{"city":"Tuscaloosa","state":"AL","street":"3200 Skyland Blvd. E.","zip":"35407"}}
{"id":"02107","name":"Mercedes-Benz of Anchorage","website":"www.anchorage.mercedesdealer.com","location":{"lat":61.216205,"lon":-149.8637531},"address":{"city":"Anchorage","state":"AK","street":"1000 East 6th Avenue","zip":"99501"}}
{"id":"03108","name":"Mercedes-Benz of Arrowhead","website":"www.arrowheadmb.com","location":{"lat":33.638164,"lon":-112.257693},"address":{"city":"Peoria","state":"AZ","street":"9260 West Bell Road","zip":"85382"}}
{"id":"03102","name":"Mercedes-Benz of Chandler","website":"www.chandlerbenz.com","location":{"lat":33.32352,"lon":-111.970581},"address":{"city":"Chandler","state":"AZ","street":"7450 W. Orchid Lane","zip":"85226"}}
{"id":"03115","name":"Mercedes-Benz of Flagstaff","website":"www.mercedesofflagstaff.com","location":{"lat":35.2232973,"lon":-111.5699017},"address":{"city":"Flagstaff","state":"AZ","street":"5171 Test Drive","zip":"86001"}}
{"id":"03118","name":"Mercedes-Benz of Gilbert","website":"www.mbgilbert.com","location":{"lat":33.2887332,"lon":-111.7880752},"address":{"city":"Gilbert","state":"AZ","street":"3455 S Gilbert Road","zip":"85297"}}
{"id":"03703","name":"Mercedes-Benz of Scottsdale","website":"www.mbscottsdale.com","location":{"lat":33.505675,"lon":-111.925983},"address":{"city":"Scottsdale","state":"AZ","street":"4725 North Scottsdale Road","zip":"85251"}}
{"id":"03106","name":"Mercedes-Benz of Tucson","website":"www.tucson.mercedesdealer.com","location":{"lat":32.23623,"lon":-110.864535},"address":{"city":"Tucson","state":"AZ","street":"6350 E. Grant Road","zip":"85715"}}
{"id":"03123","name":"SCHUMACHER EUROPEAN","website":"www.schumacher.mercedesdealer.com","location":{"lat":33.652029,"lon":-111.926651},"address":{"city":"Phoenix","state":"AZ","street":"18530 N. Scottsdale Road","zip":"85054"}}
{"id":"04507","name":"Mercedes-Benz of Little Rock","website":"www.mercedesbenzoflittlerock.com","location":{"lat":34.7150902,"lon":-92.4166673},"address":{"city":"Little Rock","state":"AR","street":"8 Colonel Glenn Plaza Dr.","zip":"72210"}}
{"id":"04100","name":"Mercedes-Benz of Northwest Arkansas","website":"www.mercedes-benzofnorthwestarkansas.mercedesdealer.com","location":{"lat":36.114472,"lon":-94.14498},"address":{"city":"Bentonville","state":"AR","street":"2400 SE Moberly Lane","zip":"72712"}}
{"id":"05231","name":"Alfano Motorcars","website":"www.alfano.mercedesdealer.com","location":{"lat":35.248088,"lon":-120.680519},"address":{"city":"San Luis Obispo","state":"CA","street":"1423 Calle Joaquin","zip":"93405"}}
{"id":"05765","name":"Autobahn Motors","website":"www.autobahnmotors.com","location":{"lat":37.5283322,"lon":-122.2707577},"address":{"city":"Belmont","state":"CA","street":"700 Island Parkway","zip":"94002"}}
{"id":"05758","name":"Calstar Motors, Inc.","website":"www.calstarmercedes.com","location":{"lat":34.138349,"lon":-118.254899},"address":{"city":"Glendale","state":"CA","street":"700 South Brand Boulevard","zip":"91204"}}
{"id":"05271","name":"Courtesy Automotive of Chico","website":"www.chicomercedes.com","location":{"lat":39.7621552,"lon":-121.8421703},"address":{"city":"Chico","state":"CA","street":"2520 Cohasset Road","zip":"95973"}}
{"id":"05101","name":"Fletcher Jones Motorcars","website":"www.fjmercedes.com","location":{"lat":33.652902,"lon":-117.866735},"address":{"city":"Newport Beach","state":"CA","street":"3300 Jamboree Road","zip":"92660"}}
{"id":"05157","name":"Fletcher Jones Motorcars of Fremont","website":"www.mboffremont.com","location":{"lat":37.499767,"lon":-121.975601},"address":{"city":"Fremont","state":"CA","street":"5760 Cushing Parkway","zip":"94538"}}
{"id":"05749","name":"Hoehn Motors, Inc.","website":"www.hoehn.mercedesdealer.com","location":{"lat":33.12913,"lon":-117.321537},"address":{"city":"Carlsbad","state":"CA","street":"5475 Car Country Drive","zip":"92008"}}
{"id":"05734","name":"House of Imports, Inc.","website":"www.imports.mercedesdealer.com","location":{"lat":33.860898,"lon":-117.987791},"address":{"city":"Buena Park","state":"CA","street":"6862 Auto Center Drive","zip":"90621"}}
{"id":"05102","name":"Keyes European, LLC","website":"www.keyes.mercedesdealer.com","location":{"lat":34.168503,"lon":-118.448599},"address":{"city":"Van Nuys","state":"CA","street":"5400 Van Nuys Blvd.","zip":"91401"}}
{"id":"05759","name":"Mercedes-Benz of Anaheim","website":"www.anaheimmercedes.com","location":{"lat":33.85949,"lon":-117.799146},"address":{"city":"Anaheim","state":"CA","street":"5395 E La Palma","zip":"92807"}}
{"id":"05646","name":"Mercedes-Benz of Arcadia","website":"www.rusnakarcadia.com","location":{"lat":34.141277,"lon":-118.0325733},"address":{"city":"Arcadia","state":"CA","street":"101 N Santa Anita Ave","zip":"91006"}}
{"id":"05745","name":"Mercedes-Benz of Bakersfield","website":"www.bakersfield.mercedesdealer.com","location":{"lat":35.304119,"lon":-119.03549},"address":{"city":"Bakersfield","state":"CA","street":"5600 Gasoline Alley Drive","zip":"93313"}}
{"id":"05146","name":"Mercedes-Benz of Beverly Hills","website":"www.bhbenz.com","location":{"lat":34.077166,"lon":-118.393737},"address":{"city":"Beverly Hills","state":"CA","street":"9250 Beverly Boulevard","zip":"90210"}}
{"id":"05179","name":"Mercedes-Benz of Calabasas","website":"www.calabasas.mercedesdealer.com","location":{"lat":34.151514,"lon":-118.653951},"address":{"city":"Calabasas","state":"CA","street":"24181 Calabasas Road","zip":"91302"}}
{"id":"05266","name":"Mercedes-Benz of El Cajon","website":"www.mbelcajon.com","location":{"lat":32.802014,"lon":-116.9767672},"address":{"city":"El Cajon","state":"CA","street":"1111 Wagner Drive","zip":"92020"}}
{"id":"05138","name":"Mercedes-Benz of El Dorado Hills","website":"www.mbofedh.com","location":{"lat":38.65263,"lon":-121.066529},"address":{"city":"El Dorado Hills","state":"CA","street":"1000 Mercedes Lane","zip":"95762"}}
{"id":"05257","name":"Mercedes-Benz of Encino","website":"www.mbencino.com","location":{"lat":34.158504,"lon":-118.497939},"address":{"city":"Encino","state":"CA","street":"16721 Ventura Boulevard","zip":"91436"}}
{"id":"05324","name":"Mercedes-Benz of Escondido","website":"www.mbescondido.com","location":{"lat":33.107001,"lon":-117.092696},"address":{"city":"Escondido","state":"CA","street":"1101 West Ninth Avenue","zip":"92025"}}
{"id":"05227","name":"Mercedes-Benz of Fairfield","website":"www.mercedesfairfield.com","location":{"lat":38.241684,"lon":-122.083507},"address":{"city":"Fairfield","state":"CA","street":"2950 Auto Mall Parkway","zip":"94533"}}
{"id":"05191","name":"Mercedes-Benz of Foothill Ranch","website":"www.mbfoothill.com","location":{"lat":33.675411,"lon":-117.65986},"address":{"city":"Foothill Ranch","state":"CA","street":"81 Auto Center Drive","zip":"92610"}}
{"id":"05215","name":"Mercedes-Benz of Fresno","website":"www.fresno.mercedesdealer.com","location":{"lat":36.837964,"lon":-119.808372},"address":{"city":"Fresno","state":"CA","street":"7055 N. Palm Avenue","zip":"93650"}}
{"id":"05747","name":"Mercedes-Benz of Laguna Niguel","website":"www.mblaguna.com","location":{"lat":33.545474,"lon":-117.675288},"address":{"city":"Laguna Niguel","state":"CA","street":"One Star Drive","zip":"92677"}}
{"id":"05119","name":"Mercedes-Benz of Long Beach","website":"www.mbzlongbeach.com","location":{"lat":33.81168,"lon":-118.164444},"address":{"city":"Signal Hill","state":"CA","street":"2300 East Spring Street","zip":"90755"}}
{"id":"05321","name":"Mercedes-Benz of Los Angeles","website":"www.mbzla.com","location":{"lat":34.0353893,"lon":-118.2719263},"address":{"city":"Los Angeles","state":"CA","street":"1801 South Figueroa Street","zip":"90015"}}
{"id":"05253","name":"Mercedes-Benz of Marin","website":"www.mbofmarin.com","location":{"lat":37.965762,"lon":-122.516076},"address":{"city":"San Rafael","state":"CA","street":"540 Francisco Blvd. West","zip":"94901"}}
{"id":"05103","name":"Mercedes-Benz of Modesto","website":"www.modesto.mercedesdealer.com","location":{"lat":37.695502,"lon":-120.994399},"address":{"city":"Modesto","state":"CA","street":"3900 McHenry Ave","zip":"95356"}}
{"id":"05606","name":"Mercedes-Benz of Monterey","website":"www.montereymercedes.com","location":{"lat":36.5951,"lon":-121.891019},"address":{"city":"Monterey","state":"CA","street":"498 Fremont St.","zip":"93942"}}
{"id":"05626","name":"Mercedes-Benz of Oakland","website":"www.oakland.mercedesdealer.com","location":{"lat":37.81792,"lon":-122.262689},"address":{"city":"Oakland","state":"CA","street":"2915 Broadway Street","zip":"94611"}}
{"id":"05235","name":"Mercedes-Benz of Ontario","website":"www.mbontario.com","location":{"lat":34.06547,"lon":-117.571803},"address":{"city":"Ontario","state":"CA","street":"3787 East Guasti Road","zip":"91761"}}
{"id":"05188","name":"Mercedes-Benz of Oxnard","website":"www.oxnard.mercedesdealer.com","location":{"lat":34.2294264,"lon":-119.1570407},"address":{"city":"Oxnard","state":"CA","street":"1511 Auto Center Drive","zip":"93036"}}
{"id":"05746","name":"Mercedes-Benz of Palm Springs","website":"www.mercedesofpalmsprings.com","location":{"lat":33.794874,"lon":-116.50219},"address":{"city":"Palm Springs","state":"CA","street":"4095 East Palm Canyon Drive","zip":"92264"}}
{"id":"05641","name":"Mercedes-Benz of Pleasanton","website":"www.pleasanton.mercedesdealer.com","location":{"lat":37.699967,"lon":-121.901038},"address":{"city":"Pleasanton","state":"CA","street":"5885 Owens Drive","zip":"94588"}}
{"id":"05133","name":"Mercedes-Benz of Rocklin","website":"www.mbofrocklin.com","location":{"lat":38.7918575,"lon":-121.2229219},"address":{"city":"Rocklin","state":"CA","street":"4747 Granite Drive","zip":"95677"}}
{"id":"05189","name":"Mercedes-Benz of Sacramento","website":"www.mbsacramento.com","location":{"lat":38.598512,"lon":-121.415359},"address":{"city":"Sacramento","state":"CA","street":"1810 Howe Avenue","zip":"95825"}}
{"id":"05718","name":"Mercedes-Benz of San Diego","website":"www.sandiegomercedes.com","location":{"lat":32.824582,"lon":-117.14625},"address":{"city":"San Diego","state":"CA","street":"4750 Kearny Mesa Road","zip":"92111"}}
{"id":"05612","name":"Mercedes-Benz of San Francisco","website":"www.san-francisco.mercedesdealer.com","location":{"lat":37.77251,"lon":-122.406979},"address":{"city":"San Francisco","state":"CA","street":"500 8th Street","zip":"94103"}}
{"id":"05270","name":"Mercedes-Benz of San Jose","website":"www.sanjose.mercedesdealer.com","location":{"lat":37.3324303,"lon":-121.8126495},"address":{"city":"San Jose","state":"CA","street":"3000 East Capitol Expressway","zip":"95148"}}
{"id":"05106","name":"Mercedes-Benz of Santa Rosa","website":"www.smothers.mercedesdealer.com","location":{"lat":38.40728,"lon":-122.716409},"address":{"city":"Santa Rosa","state":"CA","street":"2885 Corby Ave.","zip":"95407"}}
{"id":"05705","name":"Mercedes-Benz of South Bay","website":"www.southbay.mercedesdealer.com","location":{"lat":33.798981,"lon":-118.342089},"address":{"city":"Torrance","state":"CA","street":"3311 Pacific Coast Hwy.","zip":"90505"}}
{"id":"05619","name":"Mercedes-Benz of Stevens Creek","website":"www.stevenscreek.mercedesdealer.com","location":{"lat":37.32312,"lon":-121.981089},"address":{"city":"San Jose","state":"CA","street":"4500 Stevens Creek Blvd.","zip":"95129"}}
{"id":"05643","name":"Mercedes-Benz of Stockton","website":"www.berberian.mercedesdealer.com","location":{"lat":38.0503081,"lon":-121.3749662},"address":{"city":"Stockton","state":"CA","street":"10777 Trinity Parkway","zip":"95219"}}
{"id":"05256","name":"Mercedes-Benz of Temecula","website":"www.mbtemecula.com","location":{"lat":33.486493,"lon":-117.211222},"address":{"city":"Temecula","state":"CA","street":"40910 Temecula Center Drive","zip":"92590"}}
{"id":"05752","name":"Mercedes-Benz of Thousand Oaks","website":"www.silverstarmbz.com","location":{"lat":34.160199,"lon":-118.827163},"address":{"city":"Thousand Oaks","state":"CA","street":"3905 Auto Mall Dr.","zip":"91362"}}
{"id":"05322","name":"Mercedes-Benz of Valencia","website":"www.mbzvalencia.com","location":{"lat":34.4217788,"lon":-118.5478477},"address":{"city":"Santa Clarita","state":"CA","street":"23355 Valencia Blvd","zip":"91355"}}
{"id":"05158","name":"Mercedes-Benz of Walnut Creek","website":"www.walnutcreek.mercedesdealer.com","location":{"lat":37.911673,"lon":-122.06271},"address":{"city":"Walnut Creek","state":"CA","street":"1301 Parkside Drive","zip":"94596"}}
{"id":"05327","name":"Mercedes-Benz of West Covina","website":"www.westcovina.mercedesdealer.com","location":{"lat":34.071779,"lon":-117.903045},"address":{"city":"West Covina","state":"CA","street":"2010 East Garvey Avenue South","zip":"91791"}}
{"id":"05675","name":"Park Avenue Motors","website":"www.parkavenue.mercedesservicedealer.com","location":{"lat":37.42384,"lon":-122.134439},"address":{"city":"Palo Alto","state":"CA","street":"3290 Park Boulevard","zip":"94306"}}
{"id":"05144","name":"Santa Barbara Auto Group","website":"www.santabarbara.mercedesdealer.com","location":{"lat":34.435253,"lon":-119.747021},"address":{"city":"Santa Barbara","state":"CA","street":"402 South Hope Ave","zip":"93105"}}
{"id":"05154","name":"W.I. Simonson, Inc.","website":"www.simonson.mercedesdealer.com","location":{"lat":34.028515,"lon":-118.486747},"address":{"city":"Santa Monica","state":"CA","street":"1626 Wilshire Blvd.","zip":"90403"}}
{"id":"05733","name":"Walter's Auto Sales and Service, Inc.","website":"www.waltersmercedesbenzofriverside.com","location":{"lat":33.924879,"lon":-117.417666},"address":{"city":"Riverside","state":"CA","street":"3213 Adams St./Auto Center Dr.","zip":"92504"}}
{"id":"08522","name":"Mercedes-Benz of Colorado Springs","website":"www.benzcoloradosprings.com","location":{"lat":38.81612,"lon":-104.84053},"address":{"city":"Colorado Springs","state":"CO","street":"730 Automotive Drive","zip":"80906"}}
{"id":"08120","name":"Mercedes-Benz of Denver","website":"www.denver.mercedesdealer.com","location":{"lat":39.7002,"lon":-104.937479},"address":{"city":"Denver","state":"CO","street":"4300 E Kentucky Ave","zip":"80246"}}
{"id":"08103","name":"Mercedes-Benz of Littleton","website":"www.littleton.mercedesdealer.com","location":{"lat":39.570458,"lon":-104.988441},"address":{"city":"Littleton","state":"CO","street":"8070 South Broadway","zip":"80122"}}
{"id":"08119","name":"Mercedes-Benz of Loveland","website":"www.mbloveland.com","location":{"lat":40.434653,"lon":-104.995885},"address":{"city":"Loveland","state":"CO","street":"4040 Byrd Drive","zip":"80538"}}
{"id":"08109","name":"Mercedes-Benz of Westminster","website":"www.mbwestminster.com","location":{"lat":39.8862213,"lon":-105.0695409},"address":{"city":"Westminster","state":"CO","street":"10391 Westminster Boulevard","zip":"80020"}}
{"id":"09125","name":"Carriage House of New London, Inc.","website":"www.carriagehouse.mercedesdealer.com","location":{"lat":41.365343,"lon":-72.120189},"address":{"city":"New London","state":"CT","street":"488 Colman St.","zip":"06320"}}
{"id":"09137","name":"Mercedes-Benz of Danbury","website":"www.mercedesbenzofdanbury.com","location":{"lat":41.413819,"lon":-73.425775},"address":{"city":"Danbury","state":"CT","street":"100 Federal Road","zip":"06810"}}
{"id":"09115","name":"Mercedes-Benz of Fairfield","website":"www.mbfairfield.com","location":{"lat":41.16711,"lon":-73.226329},"address":{"city":"Fairfield","state":"CT","street":"165 Commerce Drive","zip":"06825"}}
{"id":"09133","name":"Mercedes-Benz of Greenwich","website":"www.greenwichmb.com","location":{"lat":41.02435,"lon":-73.635639},"address":{"city":"Greenwich","state":"CT","street":"261 West Putnam Ave.","zip":"06830"}}
{"id":"09127","name":"Mercedes-Benz of North Haven","website":"www.mercedesbenzofnorthhaven.com","location":{"lat":41.421109,"lon":-72.839695},"address":{"city":"North Haven","state":"CT","street":"620 Washington Avenue","zip":"06473"}}
{"id":"09100","name":"New Country Motor Cars, Inc.","website":"www.newcountry.mercedesdealer.com","location":{"lat":41.782933,"lon":-72.661559},"address":{"city":"Hartford","state":"CT","street":"1 Weston Street","zip":"06120"}}
{"id":"12202","name":"I.G. Burton & Co., Inc.","website":"www.burton.mercedesdealer.com","location":{"lat":38.945165,"lon":-75.426688},"address":{"city":"Milford","state":"DE","street":"509 Bay Road","zip":"19963"}}
{"id":"12117","name":"Mercedes-Benz of Wilmington","website":"www.mbofwilmington.com","location":{"lat":39.7553845,"lon":-75.5950617},"address":{"city":"Wilmington","state":"DE","street":"3801 Lancaster Pike","zip":"19805"}}
{"id":"14114","name":"Capital Eurocars, Inc.","website":"www.capital.mercedesdealer.com","location":{"lat":30.45927,"lon":-84.358239},"address":{"city":"Tallahassee","state":"FL","street":"3705 West Tennessee Street","zip":"32304"}}
{"id":"15311","name":"Crown Eurocars, Inc.","website":"www.crowneurocars.com","location":{"lat":27.847203,"lon":-82.690315},"address":{"city":"Pinellas Park","state":"FL","street":"8302 US Highway19 North","zip":"33781"}}
{"id":"14150","name":"Fields Motorcars","website":"www.fieldsmotorcars.mercedesdealer.com","location":{"lat":28.095251,"lon":-81.953392},"address":{"city":"Lakeland","state":"FL","street":"4141 North Florida Avenue","zip":"33805"}}
{"id":"14318","name":"Lokey Motor Company","website":"www.lokey.mercedesdealer.com","location":{"lat":27.952565,"lon":-82.730199},"address":{"city":"Clearwater","state":"FL","street":"19820 U. S. Hwy 19 N.","zip":"33764"}}
{"id":"14239","name":"Mercedes-Benz of Bonita Springs","website":"www.mbbonitasprings.com","location":{"lat":26.3048052,"lon":-81.8044602},"address":{"city":"Naples","state":"FL","street":"14610 Tamiami Trail North","zip":"34110"}}
{"id":"14161","name":"Mercedes-Benz of Coconut Creek","website":"www.coconutcreek.mercedesdealer.com","location":{"lat":26.281173,"lon":-80.200094},"address":{"city":"Coconut Creek","state":"FL","street":"4250 N. State Road 7","zip":"33073"}}
{"id":"14302","name":"Mercedes-Benz of Coral Gables","website":"www.ussery.mercedesdealer.com","location":{"lat":25.7467404,"lon":-80.2608634},"address":{"city":"Coral Gables","state":"FL","street":"300 Almeria Avenue","zip":"33134"}}
{"id":"14147","name":"Mercedes-Benz of Cutler Bay","website":"www.cutlerbay.mercedesdealer.com","location":{"lat":25.5567214,"lon":-80.3807685},"address":{"city":"Cutler Bay","state":"FL","street":"10701 SW 211th Street","zip":"33189"}}
{"id":"14177","name":"Mercedes-Benz of Daytona Beach","website":"www.daytonamercedes.com","location":{"lat":29.206177,"lon":-81.099033},"address":{"city":"Daytona Beach","state":"FL","street":"1188 North Tomoka Farm Road","zip":"32124"}}
{"id":"14148","name":"Mercedes-Benz of Delray","website":"www.delray.mercedesdealer.com","location":{"lat":26.4420815,"lon":-80.0862185},"address":{"city":"Delray Beach","state":"FL","street":"1001 Linton Blvd.","zip":"33444"}}
{"id":"14349","name":"Mercedes-Benz of Fort Lauderdale","website":"www.fort-lauderdale.mercedesdealer.com","location":{"lat":26.092601,"lon":-80.136634},"address":{"city":"Fort Lauderdale","state":"FL","street":"2411 South Federal Highway","zip":"33316"}}
{"id":"14118","name":"Mercedes-Benz of Fort Myers","website":"www.fort-myers.mercedesdealer.com","location":{"lat":26.517702,"lon":-81.866635},"address":{"city":"Fort Myers","state":"FL","street":"15461 South Tamiami Trail","zip":"33908"}}
{"id":"14345","name":"Mercedes-Benz of Fort Pierce","website":"www.mercedesbenzofftpierce.com","location":{"lat":27.381501,"lon":-80.325899},"address":{"city":"Fort Pierce","state":"FL","street":"4500 South U S 1","zip":"34982"}}
{"id":"14241","name":"Mercedes-Benz of Gainesville","website":"www.gainesville.mercedesdealer.com","location":{"lat":29.6898578,"lon":-82.3201966},"address":{"city":"Gainesville","state":"FL","street":"4000 N. Main Street","zip":"32609"}}
{"id":"14212","name":"Mercedes-Benz of Jacksonville","website":"www.mercedesbenzofjacksonville.com","location":{"lat":30.3237302,"lon":-81.5353772},"address":{"city":"Jacksonville","state":"FL","street":"10231 Atlantic Boulevard","zip":"32225"}}
{"id":"14141","name":"Mercedes-Benz of Melbourne","website":"www.mbmelbourne.com","location":{"lat":28.09307,"lon":-80.613483},"address":{"city":"Melbourne","state":"FL","street":"509 East Nasa Blvd.","zip":"32901"}}
{"id":"14310","name":"Mercedes-Benz of Miami","website":"www.miami.mercedesdealer.com","location":{"lat":25.9416,"lon":-80.2131},"address":{"city":"Miami","state":"FL","street":"1200 N. W. 167th Street","zip":"33169"}}
{"id":"14340","name":"Mercedes-Benz of Naples","website":"www.mercedesbenznaples.com","location":{"lat":26.149169,"lon":-81.766632},"address":{"city":"Naples","state":"FL","street":"501 Airport Road South","zip":"34104"}}
{"id":"14162","name":"Mercedes-Benz of North Orlando","website":"www.northorlando.mercedesdealer.com","location":{"lat":28.793197,"lon":-81.342364},"address":{"city":"Sanford","state":"FL","street":"1100 Rinehart Road","zip":"32771"}}
{"id":"14149","name":"Mercedes-Benz of North Palm Beach","website":"www.northpalmbeach.mercedesdealer.com","location":{"lat":26.8117598,"lon":-80.0804147},"address":{"city":"North Palm Beach","state":"FL","street":"9275 Alternate A1A","zip":"33403"}}
{"id":"14211","name":"Mercedes-Benz of Orange Park","website":"www.orangepark.mercedesdealer.com","location":{"lat":30.2211314,"lon":-81.7380885},"address":{"city":"Jacksonville","state":"FL","street":"7018 Blanding Boulevard","zip":"32244"}}
{"id":"14320","name":"Mercedes-Benz of Orlando","website":"www.orlando.mercedesdealer.com","location":{"lat":28.634114,"lon":-81.361257},"address":{"city":"Maitland","state":"FL","street":"810 N. Orlando Ave.","zip":"32751"}}
{"id":"14135","name":"Mercedes-Benz of Palm Beach","website":"www.palm-beach.mercedesdealer.com","location":{"lat":26.70671,"lon":-80.104326},"address":{"city":"West Palm Beach","state":"FL","street":"4000 Okeechobee Blvd.","zip":"33409"}}
{"id":"14123","name":"Mercedes-Benz of Pembroke Pines","website":"www.pembroke.mercedesdealer.com","location":{"lat":26.00786,"lon":-80.334609},"address":{"city":"Pembroke Pines","state":"FL","street":"14199 Pines Blvd.","zip":"33027"}}
{"id":"14342","name":"Mercedes-Benz of Pensacola","website":"www.centennial.mercedesdealer.com","location":{"lat":30.412704,"lon":-87.251454},"address":{"city":"Pensacola","state":"FL","street":"3050 Navy Boulevard","zip":"32505"}}
{"id":"15317","name":"Mercedes-Benz of Pompano","website":"www.pompano.mercedesdealer.com","location":{"lat":26.260565,"lon":-80.127521},"address":{"city":"Pompano Beach","state":"FL","street":"350 West Copans Road","zip":"33064"}}
{"id":"14125","name":"Mercedes-Benz of Sarasota","website":"www.sarasota.mercedesdealer.com","location":{"lat":27.25672,"lon":-82.519227},"address":{"city":"Sarasota","state":"FL","street":"4754 Clark Road","zip":"34233"}}
{"id":"14124","name":"Mercedes-Benz of South Orlando","website":"www.southorlando.mercedesdealer.com","location":{"lat":28.488752,"lon":-81.433275},"address":{"city":"Orlando","state":"FL","street":"4301 Millenia Blvd","zip":"32839"}}
{"id":"14316","name":"Mercedes-Benz of Tampa","website":"www.tampa.mercedesdealer.com","location":{"lat":27.98486,"lon":-82.505296},"address":{"city":"Tampa","state":"FL","street":"4400 North Dale Mabry Highway","zip":"33614"}}
{"id":"14209","name":"Mercedes-Benz of Wesley Chapel","website":"www.wesleychapel.mercedesdealer.com","location":{"lat":28.191723,"lon":-82.377208},"address":{"city":"Wesley Chapel","state":"FL","street":"2383 Willow Oak Drive","zip":"33544"}}
{"id":"14208","name":"ZT Motors of Fort Walton Beach","website":"www.fortwaltonbeach.mercedesdealer.com","location":{"lat":30.453866,"lon":-86.639184},"address":{"city":"Fort Walton Beach","state":"FL","street":"1000 Beal Parkway","zip":"32547"}}
{"id":"17108","name":"Albany Motorcars","website":"www.albanymotorcarsonline.com","location":{"lat":31.573392,"lon":-84.132007},"address":{"city":"Albany","state":"GA","street":"805 East Oglethorpe Boulevard","zip":"31705"}}
{"id":"17315","name":"Atlanta Classic Cars, Inc.","website":"www.atlantaclassiccars.com","location":{"lat":33.96522,"lon":-84.095396},"address":{"city":"Duluth","state":"GA","street":"1705 Boggs Road","zip":"30096"}}
{"id":"17303","name":"Critz, Inc.","website":"www.critz.mercedesdealer.com","location":{"lat":32.013601,"lon":-81.113198},"address":{"city":"Savannah","state":"GA","street":"7000 Abercorn St.","zip":"31403"}}
{"id":"17311","name":"Jackson Automotive Group, INC.","website":"www.jackson.mercedesdealer.com","location":{"lat":32.922722,"lon":-83.7089911},"address":{"city":"Macon","state":"GA","street":"4781 Riverside Drive","zip":"31210"}}
{"id":"17135","name":"Mercedes-Benz of Athens","website":"www.mercedesbenzofathens.com","location":{"lat":33.9405971,"lon":-83.5008918},"address":{"city":"Watkinsville","state":"GA","street":"1886 Luxury Drive","zip":"30677"}}
{"id":"17403","name":"Mercedes-Benz of Atlanta South","website":"www.southatlanta.mercedesdealer.com","location":{"lat":33.587789,"lon":-84.513357},"address":{"city":"Atlanta","state":"GA","street":"3775 Royal South Parkway","zip":"30349"}}
{"id":"17115","name":"Mercedes-Benz of Augusta","website":"www.augusta.mercedesdealer.com","location":{"lat":33.513254,"lon":-82.051337},"address":{"city":"Augusta","state":"GA","street":"3061 Washington Rd.","zip":"30907"}}
{"id":"17107","name":"Mercedes-Benz of Buckhead","website":"www.buckhead.mercedesdealer.com","location":{"lat":33.831301,"lon":-84.367996},"address":{"city":"Atlanta","state":"GA","street":"2799 Piedmont Road","zip":"30305"}}
{"id":"17333","name":"Mercedes-Benz of Columbus","website":"www.mercedesbenzofcolumbus.com","location":{"lat":32.557689,"lon":-84.94331},"address":{"city":"Columbus","state":"GA","street":"7470 Veterans Parkway","zip":"31909"}}
{"id":"17319","name":"Mercedes-Benz of Macon","website":"www.jackson.mercedesdealer.com","location":{"lat":32.922722,"lon":-83.7089911},"address":{"city":"Macon","state":"GA","street":"4781 Riverside Drive","zip":"31210"}}
{"id":"17148","name":"Mercedes-Benz of Marietta","website":"www.marietta.mercedesdealer.com","location":{"lat":33.9327934,"lon":-84.5138357},"address":{"city":"Marietta","state":"GA","street":"810 Cobb Parkway South","zip":"30060"}}
{"id":"17302","name":"R B M of Atlanta, Inc.","website":"www.rbmofatlanta.com","location":{"lat":33.96273,"lon":-84.365409},"address":{"city":"Sandy Springs","state":"GA","street":"7200 Roswell Road","zip":"30350"}}
{"id":"17114","name":"RBM of Alpharetta","website":"www.rbmofalpharetta.com","location":{"lat":34.134489,"lon":-84.239895},"address":{"city":"Alpharetta","state":"GA","street":"345 Mcfarland Parkway","zip":"30004"}}
{"id":"20100","name":"Mercedes-Benz of Honolulu","website":"www.mercedesbenzofhonolulu.com","location":{"lat":21.29963,"lon":-157.853231},"address":{"city":"Honolulu","state":"HI","street":"818 Kapiolani Boulevard","zip":"96813"}}
{"id":"20102","name":"Mercedes-Benz of Maui","website":"www.maui.mercedesdealer.com","location":{"lat":20.8922726,"lon":-156.4642914},"address":{"city":"Kahului","state":"HI","street":"69 Hobron Avenue","zip":"96732"}}
{"id":"21603","name":"Mercedes-Benz of Boise","website":"www.lylepearsonmercedes.com","location":{"lat":43.601224,"lon":-116.276053},"address":{"city":"Boise","state":"ID","street":"351 Auto Drive","zip":"83709"}}
{"id":"22420","name":"Autohaus On Edens, LLC","website":"www.autohausonedens.com","location":{"lat":42.122887,"lon":-87.782147},"address":{"city":"Northbrook","state":"IL","street":"1600 Frontage Road","zip":"60062"}}
{"id":"22127","name":"Autohaus of Peoria","website":"www.mercedespeoria.com","location":{"lat":40.8030035,"lon":-89.6292408},"address":{"city":"Peoria","state":"IL","street":"9500 N. Allen Road","zip":"61615"}}
{"id":"22470","name":"Isringhausen Imports, Inc.","website":"www.isringhausen.mercedesdealer.com","location":{"lat":39.802905,"lon":-89.65284},"address":{"city":"Springfield","state":"IL","street":"229 East Jefferson St","zip":"62701"}}
{"id":"22438","name":"JP Motors, Inc.","website":"www.jpmotors.mercedesdealer.com","location":{"lat":41.36535,"lon":-89.156697},"address":{"city":"Peru","state":"IL","street":"3675 Frontage Road","zip":"61354"}}
{"id":"22415","name":"Knauz Continental Autos, Inc.","website":"www.knauzcontinentalautos.com","location":{"lat":42.270946,"lon":-87.865127},"address":{"city":"Lake Bluff","state":"IL","street":"409 Skokie Highway","zip":"60044"}}
{"id":"22409","name":"Loeber Motors, Inc.","website":"www.loeber.mercedesdealer.com","location":{"lat":42.011757,"lon":-87.734965},"address":{"city":"Lincolnwood","state":"IL","street":"4255 W. Touhy Avenue","zip":"60712"}}
{"id":"22150","name":"Mercedes-Benz of Bloomington","website":"www.grossingermercedes.com","location":{"lat":40.5185853,"lon":-88.9616882},"address":{"city":"Normal","state":"IL","street":"1430 Fort Jesse Road","zip":"61761"}}
{"id":"22117","name":"Mercedes-Benz of Chicago","website":"www.mercedesbenzchicago.com","location":{"lat":41.910931,"lon":-87.666231},"address":{"city":"Chicago","state":"IL","street":"1520 W. North Ave.","zip":"60642"}}
{"id":"22121","name":"Mercedes-Benz of Hoffman Estates","website":"www.hoffman.mercedesdealer.com","location":{"lat":42.0484,"lon":-88.104198},"address":{"city":"Hoffman Estates","state":"IL","street":"1000 West Golf Road","zip":"60169"}}
{"id":"22140","name":"Mercedes-Benz of Marion","website":"www.mercedesbenzofmarion.com","location":{"lat":37.741616,"lon":-88.965278},"address":{"city":"Marion","state":"IL","street":"2608 West DeYoung St.","zip":"62959"}}
{"id":"22115","name":"Mercedes-Benz of Naperville","website":"www.naperville.mercedesdealer.com","location":{"lat":41.768971,"lon":-88.186348},"address":{"city":"Naperville","state":"IL","street":"1569 Ogden Avenue","zip":"60540"}}
{"id":"22111","name":"Mercedes-Benz of Orland Park","website":"www.orlandpark.mercedesdealer.com","location":{"lat":41.601814,"lon":-87.824166},"address":{"city":"Orland Park","state":"IL","street":"8430 West 159th Street","zip":"60462"}}
{"id":"22122","name":"Mercedes-Benz of St. Charles","website":"mercedesbenzofstcharles.com","location":{"lat":41.913784,"lon":-88.340024},"address":{"city":"St. Charles","state":"IL","street":"225 N. Randall Road","zip":"60174"}}
{"id":"22118","name":"Mercedes-Benz of Sycamore","website":"www.bemisimports.mercedesdealer.com","location":{"lat":41.9680765,"lon":-88.7213502},"address":{"city":"Sycamore","state":"IL","street":"1875 Dekalb Avenue","zip":"60178"}}
{"id":"22116","name":"Mercedes-Benz of Westmont","website":"www.westmont.mercedesdealer.com","location":{"lat":41.8107416,"lon":-87.9705501},"address":{"city":"Westmont","state":"IL","street":"200 East Ogden Avenue","zip":"60559"}}
{"id":"22427","name":"Motor Werks of Barrington","website":"www.motorwerks.mercedesdealer.com","location":{"lat":42.129547,"lon":-88.136223},"address":{"city":"Barrington","state":"IL","street":"1475 S. Barrington Road","zip":"60010"}}
{"id":"22424","name":"Napleton's Autowerks","website":"www.napletons.mercedesdealer.com","location":{"lat":41.161155,"lon":-87.887772},"address":{"city":"Bourbonnais","state":"IL","street":"515 Latham Drive","zip":"60914"}}
{"id":"22110","name":"Napleton's Autowerks, Inc.","website":"www.napleton.mercedesdealer.com","location":{"lat":42.318755,"lon":-88.986849},"address":{"city":"Loves Park","state":"IL","street":"6600 E. Riverside Dr.","zip":"61111"}}
{"id":"22439","name":"Sullivan-Parkhill Imports, Inc.","website":"www.sullivanparkhillmb.com","location":{"lat":40.137254,"lon":-88.248985},"address":{"city":"Champaign","state":"IL","street":"401 W. Marketview Dr.","zip":"61822"}}
{"id":"25419","name":"D-Patrick, Inc.","website":"www.patrick.mercedesdealer.com","location":{"lat":37.978284,"lon":-87.492618},"address":{"city":"Evansville","state":"IN","street":"200 N. Green River Rd.","zip":"47715"}}
{"id":"25104","name":"Mercedes-Benz of Fort Wayne","website":"www.fortwayne.mercedesdealer.com","location":{"lat":41.047869,"lon":-85.235109},"address":{"city":"Fort Wayne","state":"IN","street":"7227 West Jefferson Blvd","zip":"46804"}}
{"id":"25102","name":"Mercedes-Benz of Indianapolis","website":"www.indianapolis.mercedesdealer.com","location":{"lat":39.799369,"lon":-86.157},"address":{"city":"Indianapolis","state":"IN","street":"2314 North Meridian St.","zip":"46208"}}
{"id":"25101","name":"Mercedes-Benz of Lafayette","website":"www.lafayette.mercedesdealer.com","location":{"lat":40.4048741,"lon":-86.8664177},"address":{"city":"Lafayette","state":"IN","street":"2911 East Main Street","zip":"47904"}}
{"id":"25425","name":"Mercedes-Benz of Mishawaka","website":"www.gurleyleepmercedes.com","location":{"lat":41.6962254,"lon":-86.1862802},"address":{"city":"Mishawaka","state":"IN","street":"4004 North Grape Road","zip":"46545"}}
{"id":"25103","name":"Napleton's Auto Werks of Indiana, Inc.","website":"www.schererville.mercedesdealer.com","location":{"lat":41.499514,"lon":-87.471094},"address":{"city":"Schererville","state":"IN","street":"1349 Indianapolis Blvd.","zip":"46375"}}
{"id":"25412","name":"World Wide Motors, Inc.","website":"www.wwmotors.mercedesdealer.com","location":{"lat":39.92688,"lon":-86.105489},"address":{"city":"Indianapolis","state":"IN","street":"3900 East 96th St.","zip":"46240"}}
{"id":"28104","name":"Carousel Motors","website":"www.cmmercedes.com","location":{"lat":41.646665,"lon":-91.551028},"address":{"city":"Iowa City","state":"IA","street":"809 Highway 1 West","zip":"52246"}}
{"id":"28106","name":"Lujack Motorwerks","website":"www.lujack.mercedesdealer.com","location":{"lat":41.5565,"lon":-90.5771},"address":{"city":"Davenport","state":"IA","street":"3602 Harrison Street","zip":"52806"}}
{"id":"28105","name":"Mercedes-Benz of Des Moines","website":"www.mercedesbenzdesmoines.com","location":{"lat":41.615863,"lon":-93.755428},"address":{"city":"Des Moines","state":"IA","street":"9993 Hickman Road","zip":"50322"}}
{"id":"30104","name":"Aristocrat Motors","website":"www.aristocratmercedes-benz.com","location":{"lat":39.0112,"lon":-94.694998},"address":{"city":"Merriam","state":"KS","street":"9400 W. 65th St.","zip":"66203"}}
{"id":"30111","name":"Mercedes-Benz of Wichita","website":"www.wichita.mercedesdealer.com","location":{"lat":37.7106066,"lon":-97.2092956},"address":{"city":"Wichita","state":"KS","street":"1545 N. Greenwich Rd.","zip":"67206"}}
{"id":"31401","name":"James Motor Company","website":"www.jamesmotorcompany.com","location":{"lat":38.013881,"lon":-84.459971},"address":{"city":"Lexington","state":"KY","street":"2440 Richmond Road","zip":"40502"}}
{"id":"31105","name":"Luxury Imports of Bowling Green","website":"www.mercedesbenzofbowlinggreen.com","location":{"lat":36.935633,"lon":-86.421197},"address":{"city":"Bowling Green","state":"KY","street":"325 Three Springs Road","zip":"42104"}}
{"id":"31114","name":"Mercedes-Benz of Fort Mitchell","website":"www.mbfm.com","location":{"lat":39.0522366,"lon":-84.5522821},"address":{"city":"Fort Mitchell","state":"KY","street":"2100 Dixie Highway","zip":"41011"}}
{"id":"31403","name":"Tafel Motors, Inc.","website":"www.tafelmotors.com","location":{"lat":38.251788,"lon":-85.641783},"address":{"city":"Louisville","state":"KY","street":"4156 Shelbyville Road","zip":"40207"}}
{"id":"32571","name":"Holmes European Motors","website":"www.holmesmercedes.com","location":{"lat":32.4212915,"lon":-93.7197901},"address":{"city":"Shreveport","state":"LA","street":"1221 East Bert Kouns Ind. Loop","zip":"71105"}}
{"id":"32103","name":"Mercedes-Benz of Baton Rouge","website":"www.batonrouge.mercedesdealer.com","location":{"lat":30.405312,"lon":-91.059544},"address":{"city":"Baton Rouge","state":"LA","street":"10949 Airline Highway","zip":"70816"}}
{"id":"32116","name":"Mercedes-Benz of Covington","website":"","location":{"lat":30.4444738,"lon":-90.1257174},"address":{"city":"Covington","state":"LA","street":"8080 Westshore Drive","zip":"70433"}}
{"id":"32518","name":"Mercedes-Benz of Lafayette","website":"www.mossmercedesbenz.com","location":{"lat":30.164917,"lon":-92.083744},"address":{"city":"Lafayette","state":"LA","street":"6142 Johnston Street","zip":"70508"}}
{"id":"32507","name":"Mercedes-Benz of New Orleans","website":"www.neworleans.mercedesdealer.com","location":{"lat":30.004204,"lon":-90.166999},"address":{"city":"Metairie","state":"LA","street":"3727 Veterans Blvd.","zip":"70002"}}
{"id":"32509","name":"Walker Automotive","website":"www.walkermercedes.com","location":{"lat":31.282701,"lon":-92.473797},"address":{"city":"Alexandria","state":"LA","street":"6655 Coliseum Blvd","zip":"71303"}}
{"id":"33102","name":"Prime Motor Cars","website":"www.primemb.mercedesdealer.com","location":{"lat":43.59934,"lon":-70.321658},"address":{"city":"Scarborough","state":"ME","street":"137 U.S. Route One","zip":"04074"}}
{"id":"33400","name":"Quirk Auto Park of Bangor","website":"www.quirk.mercedesdealer.com","location":{"lat":44.824892,"lon":-68.740111},"address":{"city":"Bangor","state":"ME","street":"327 Hogan Road","zip":"04401"}}
{"id":"34108","name":"Euro Motorcars Germantown, Inc.","website":"www.eurogermantownmercedes.com","location":{"lat":39.180274,"lon":-77.264535},"address":{"city":"Germantown","state":"MD","street":"19750 Germantown Road","zip":"20874"}}
{"id":"34203","name":"Euro Motorcars, Inc.","website":"www.eurobethesdamercedes.com","location":{"lat":38.979709,"lon":-77.098399},"address":{"city":"Bethesda","state":"MD","street":"7020 Arlington Road","zip":"20814"}}
{"id":"34107","name":"Mercedes-Benz of Annapolis","website":"www.annapolis.mercedesdealer.com","location":{"lat":38.971452,"lon":-76.485299},"address":{"city":"Annapolis","state":"MD","street":"324 Sixth Street","zip":"21403"}}
{"id":"34117","name":"Mercedes-Benz of Catonsville","website":"www.mercedesbenzofcatonsville.com","location":{"lat":39.2883049,"lon":-76.7696477},"address":{"city":"Catonsville","state":"MD","street":"6631 Baltimore National Pike","zip":"21228"}}
{"id":"34205","name":"Mercedes-Benz of Hagerstown","website":"www.hagerstown.mercedesdealer.com","location":{"lat":39.604022,"lon":-77.685088},"address":{"city":"Hagerstown","state":"MD","street":"1955 Dual Highway","zip":"21740"}}
{"id":"34130","name":"Mercedes-Benz of Hunt Valley","website":"www.huntvalley.mercedesdealer.com","location":{"lat":39.459288,"lon":-76.634983},"address":{"city":"Cockeysville","state":"MD","street":"9800 York Road","zip":"21030"}}
{"id":"34129","name":"Mercedes-Benz of Owings Mills","website":"www.owingsmills.mercedesdealer.com","location":{"lat":39.406873,"lon":-76.762094},"address":{"city":"Owings Mills","state":"MD","street":"9727 Reisterstown Road","zip":"21117"}}
{"id":"34105","name":"Mercedes-Benz of Salisbury","website":"www.pohankamercedesmd.com","location":{"lat":38.39183,"lon":-75.575489},"address":{"city":"Salisbury","state":"MD","street":"2013 N. Salisbury Blvd.","zip":"21801"}}
{"id":"34104","name":"Mercedes-Benz of Silver Spring","website":"www.silverspring.mercedesdealer.com","location":{"lat":39.077966,"lon":-76.946982},"address":{"city":"Silver Spring","state":"MD","street":"3301 Briggs Chaney Rd.","zip":"20904"}}
{"id":"36100","name":"Flagship Motorcars","website":"www.flagshipmotorcars.com","location":{"lat":42.512383,"lon":-71.006391},"address":{"city":"Lynnfield","state":"MA","street":"385 Broadway","zip":"01940"}}
{"id":"36200","name":"Mercedes-Benz of Boston","website":"www.mercedesbenzofboston.com","location":{"lat":42.378,"lon":-71.088899},"address":{"city":"Somerville","state":"MA","street":"259 Mc Grath Hwy.","zip":"02143"}}
{"id":"36164","name":"Mercedes-Benz of Burlington","website":"www.burlington.mercedesdealer.com","location":{"lat":42.493925,"lon":-71.193527},"address":{"city":"Burlington","state":"MA","street":"80 Cambridge Street","zip":"01803"}}
{"id":"36154","name":"Mercedes-Benz of Hanover","website":"www.hanover.mercedesdealer.com","location":{"lat":42.149329,"lon":-70.84557},"address":{"city":"Hanover","state":"MA","street":"1877 Washington St.","zip":"02339"}}
{"id":"36118","name":"Mercedes-Benz of Natick","website":"www.natick.mercedesdealer.com","location":{"lat":42.306181,"lon":-71.361731},"address":{"city":"Natick","state":"MA","street":"253 North Main Street","zip":"01760"}}
{"id":"36133","name":"Mercedes-Benz of Shrewsbury","website":"www.shrewsbury.mercedesdealer.com","location":{"lat":42.2770343,"lon":-71.6944258},"address":{"city":"Shrewsbury","state":"MA","street":"760 Boston Turnpike","zip":"01545"}}
{"id":"36163","name":"Mercedes-Benz of Springfield","website":"www.mbspringfield.com","location":{"lat":42.1654428,"lon":-72.5466342},"address":{"city":"Chicopee","state":"MA","street":"295 Burnett Rd.","zip":"01020"}}
{"id":"36120","name":"Mercedes-Benz of Westwood","website":"www.westwood.mercedesdealer.com","location":{"lat":42.214069,"lon":-71.182191},"address":{"city":"Westwood","state":"MA","street":"425 Providence Highway","zip":"02090"}}
{"id":"36136","name":"Prime Service Center","website":"primeservice.mercedesdealer.com","location":{"lat":41.6638054,"lon":-70.2939041},"address":{"city":"Hyannis","state":"MA","street":"95 Falmouth Road","zip":"02601"}}
{"id":"36103","name":"Smith Motor Sales of Haverhill Inc.","website":"www.smith.mercedesdealer.com","location":{"lat":42.765691,"lon":-71.09809},"address":{"city":"Haverhill","state":"MA","street":"420 River Street","zip":"01832"}}
{"id":"39424","name":"Betten Imports, Inc.","website":"www.betten.mercedesdealer.com","location":{"lat":42.9131,"lon":-85.520694},"address":{"city":"Grand Rapids","state":"MI","street":"5901 28th Street, S. E.","zip":"49546"}}
{"id":"39100","name":"Grand Blanc Motorcars, Ltd.","website":"www.grand.mercedesdealer.com","location":{"lat":42.899325,"lon":-83.631167},"address":{"city":"Grand Blanc","state":"MI","street":"9099 Holly Road","zip":"48439"}}
{"id":"39166","name":"Mercedes-Benz of Ann Arbor","website":"www.annarbor.mercedesdealer.com","location":{"lat":42.286473,"lon":-83.810829},"address":{"city":"Ann Arbor","state":"MI","street":"570 Auto Mall Drive","zip":"48103"}}
{"id":"39417","name":"Mercedes-Benz of Bloomfield Hills","website":"www.mbbloomfield.com","location":{"lat":42.557459,"lon":-83.222105},"address":{"city":"Bloomfield Hills","state":"MI","street":"36600 N. Woodward Avenue","zip":"48304"}}
{"id":"39106","name":"Mercedes-Benz of Novi","website":"www.novi.mercedesdealer.com","location":{"lat":42.471892,"lon":-83.435697},"address":{"city":"Novi","state":"MI","street":"39500 Grand River Ave.","zip":"48375"}}
{"id":"39121","name":"Mercedes-Benz of Rochester","website":"www.mbrochester.com","location":{"lat":42.672372,"lon":-83.133399},"address":{"city":"Rochester","state":"MI","street":"595 S. Rochester Road","zip":"48307"}}
{"id":"39133","name":"Mercedes-Benz of St. Clair Shores","website":"www.st-clairshores.mercedesdealer.com","location":{"lat":42.4659,"lon":-82.913909},"address":{"city":"St. Clair Shores","state":"MI","street":"20101 East Nine Mile Road","zip":"48080"}}
{"id":"39139","name":"Mercedes-Benz of Traverse City","website":"www.foxmb.com","location":{"lat":44.7719,"lon":-85.5013},"address":{"city":"Traverse City","state":"MI","street":"3258 North US 31 South","zip":"49684"}}
{"id":"39132","name":"Okemos Auto Collection","website":"www.okemosautocollection.mercedesdealer.com","location":{"lat":42.682929,"lon":-84.42965},"address":{"city":"Okemos","state":"MI","street":"2186 Jolly Road","zip":"48864"}}
{"id":"39420","name":"Orrin B. Hayes, Inc.","website":"www.hayesmb.com","location":{"lat":42.291138,"lon":-85.590765},"address":{"city":"Kalamazoo","state":"MI","street":"543 West Michigan Avenue","zip":"49007"}}
{"id":"42418","name":"Feldmann Imports, Inc.","website":"www.feldmanns.mercedesdealer.com","location":{"lat":44.858016,"lon":-93.342348},"address":{"city":"Bloomington","state":"MN","street":"4901 American Boulevard West","zip":"55437"}}
{"id":"42118","name":"Mercedes-Benz of Rochester","website":"www.mbofrochester.com","location":{"lat":43.956019,"lon":-92.463403},"address":{"city":"Rochester","state":"MN","street":"4447 Canal Place SE","zip":"55904"}}
{"id":"42121","name":"Mercedes-Benz of St. Paul","website":"www.mercedesbenzofstpaul.com","location":{"lat":45.0238248,"lon":-93.0485361},"address":{"city":"Maplewood","state":"MN","street":"2780 Maplewood Drive","zip":"55109"}}
{"id":"42406","name":"Sears Imported Autos, Inc.","website":"www.searsimports.com","location":{"lat":44.971303,"lon":-93.449199},"address":{"city":"Minnetonka","state":"MN","street":"13500 Wayzata Blvd.","zip":"55305"}}
{"id":"44101","name":"Mercedes-Benz of Jackson","website":"www.mercedesofjackson.com","location":{"lat":32.439183,"lon":-90.1437297},"address":{"city":"Ridgeland","state":"MS","street":"455 Steed Road","zip":"39157"}}
{"id":"44102","name":"Mercedes-Benz of South Mississippi","website":"www.mbofsm.com","location":{"lat":30.442617,"lon":-88.893473},"address":{"city":"D’lberville","state":"MS","street":"11619 Bobby Eleuterius Blvd.","zip":"39540"}}
{"id":"45421","name":"Elite Automotive Group","website":"www.elite.mercedesdealer.com","location":{"lat":37.146377,"lon":-93.296077},"address":{"city":"Springfield","state":"MO","street":"3727 S. Campbell","zip":"65807"}}
{"id":"45103","name":"Frank Fletcher Imports","website":"www.frankfletcherimports.mercedesdealer.com","location":{"lat":37.066077,"lon":-94.477979},"address":{"city":"Joplin","state":"MO","street":"3111 East 32nd Street","zip":"64804"}}
{"id":"45109","name":"Mercedes-Benz of Chesterfield","website":"www.plazamotorswest.com","location":{"lat":38.713556,"lon":-90.6923998},"address":{"city":"O'Fallon","state":"MO","street":"951 Technology Drive","zip":"63368"}}
{"id":"45420","name":"Mercedes-Benz of Columbia","website":"www.columbia.mercedesdealer.com","location":{"lat":38.965062,"lon":-92.364442},"address":{"city":"Columbia","state":"MO","street":"1710 I-70 SW,","zip":"65203"}}
{"id":"45105","name":"Mercedes-Benz of Kansas City","website":"www.mb-kc.com","location":{"lat":38.8764382,"lon":-94.6062747},"address":{"city":"Kansas City","state":"MO","street":"13851 Madison Avenue","zip":"64145"}}
{"id":"45101","name":"Mercedes-Benz of St. Louis","website":"www.stlouis.mercedesdealer.com","location":{"lat":38.6299,"lon":-90.28708},"address":{"city":"St Louis","state":"MO","street":"1048 Hampton Avenue","zip":"63139"}}
{"id":"45102","name":"Plaza Motor Company","website":"www.plaza.mercedesdealer.com","location":{"lat":38.67081,"lon":-90.444278},"address":{"city":"Creve Coeur","state":"MO","street":"11830 Olive Boulevard","zip":"63141"}}
{"id":"47607","name":"Demarois Buick GMC Mercedes","website":"www.demarois.mercedesdealer.com","location":{"lat":46.8959,"lon":-114.034},"address":{"city":"Missoula","state":"MT","street":"3115 West Broadway","zip":"59801"}}
{"id":"47100","name":"Mercedes-Benz of Billings","website":"www.mbbillings.com","location":{"lat":45.755753,"lon":-108.593401},"address":{"city":"Billings","state":"MT","street":"3045 King Avenue West","zip":"59102"}}
{"id":"48101","name":"Husker Auto Group, Inc.","website":"www.husker.mercedesdealer.com","location":{"lat":40.878855,"lon":-96.683769},"address":{"city":"Lincoln","state":"NE","street":"6701 Telluride Drive","zip":"68521"}}
{"id":"48103","name":"Mercedes-Benz of Omaha","website":"www.omahamercedes.com","location":{"lat":41.21512,"lon":-96.137889},"address":{"city":"Omaha","state":"NE","street":"14335 Hillsdale Ave.","zip":"68137"}}
{"id":"49702","name":"Fletcher Jones Imports","website":"www.fjimports.com","location":{"lat":36.144001,"lon":-115.251929},"address":{"city":"Las Vegas","state":"NV","street":"7300 West Sahara Avenue","zip":"89117"}}
{"id":"49108","name":"Mercedes-Benz of Henderson","website":"www.mbofhenderson.com","location":{"lat":36.0448463,"lon":-115.0266633},"address":{"city":"Henderson","state":"NV","street":"925 Auto Show Drive","zip":"89014"}}
{"id":"49120","name":"Mercedes-Benz of Reno","website":"www.reno.mercedesdealer.com","location":{"lat":39.4269173,"lon":-119.7607684},"address":{"city":"Reno","state":"NV","street":"11500 South Virginia Street","zip":"89511"}}
{"id":"50106","name":"Mercedes-Benz of Manchester","website":"www.manchester.mercedesdealer.com","location":{"lat":42.956801,"lon":-71.439583},"address":{"city":"Manchester","state":"NH","street":"875 Gold Street","zip":"03103"}}
{"id":"50105","name":"Mercedes-Benz of Portsmouth","website":"www.mbportsmouth.com","location":{"lat":43.0411581,"lon":-70.8216784},"address":{"city":"Greenland","state":"NH","street":"309 Portsmouth Avenue","zip":"03840"}}
{"id":"51142","name":"Benzel-Busch Motor Car Corp.","website":"mercedes.benzelbusch.com","location":{"lat":40.891874,"lon":-73.973571},"address":{"city":"Englewood","state":"NJ","street":"28 Grand Avenue","zip":"07631"}}
{"id":"51140","name":"Contemporary Motor Cars, Inc.","website":"www.contemporarymotor.mercedesdealer.com","location":{"lat":40.323731,"lon":-74.037788},"address":{"city":"Little Silver","state":"NJ","street":"100 Oceanport Avenue","zip":"07739"}}
{"id":"51201","name":"Mercedes-Benz of Atlantic City","website":"www.mercedes-benz-atlantic-city.com","location":{"lat":39.3866331,"lon":-74.5161833},"address":{"city":"Egg Harbor Township","state":"NJ","street":"6623 Black Horse Pike","zip":"08234"}}
{"id":"51195","name":"Mercedes-Benz of Caldwell","website":"www.caldwell.mercedesdealer.com","location":{"lat":40.856656,"lon":-74.314418},"address":{"city":"Fairfield","state":"NJ","street":"1230 Bloomfield Avenue","zip":"07004"}}
{"id":"51209","name":"Mercedes-Benz of Cherry Hill","website":"www.cherryhillmercedesbenz.com","location":{"lat":39.921002,"lon":-75.038401},"address":{"city":"Cherry Hill","state":"NJ","street":"2151 Rt. 70 W","zip":"08002"}}
{"id":"51146","name":"Mercedes-Benz of Edison","website":"www.raycatenaedison.com","location":{"lat":40.5191384,"lon":-74.3743316},"address":{"city":"Edison","state":"NJ","street":"910 U S Highway Rte 1","zip":"08817"}}
{"id":"51243","name":"Mercedes-Benz of Flemington","website":"www.mbflemington.com","location":{"lat":40.524304,"lon":-74.855969},"address":{"city":"Flemington","state":"NJ","street":"135 Route 31","zip":"08822"}}
{"id":"51113","name":"Mercedes-Benz of Morristown","website":"www.mbmnj.com","location":{"lat":40.798122,"lon":-74.469949},"address":{"city":"Morristown","state":"NJ","street":"34 Ridgedale Avenue","zip":"07962"}}
{"id":"51138","name":"Mercedes-Benz of Newton","website":"www.intercarmb.com","location":{"lat":41.079345,"lon":-74.736299},"address":{"city":"Newton","state":"NJ","street":"92 Hampton House Road","zip":"07860"}}
{"id":"51241","name":"Mercedes-Benz of Paramus","website":"www.prestigemb.com","location":{"lat":40.971504,"lon":-74.0835197},"address":{"city":"Paramus","state":"NJ","street":"755 Route 17","zip":"07652"}}
{"id":"51147","name":"Mercedes-Benz of Princeton","website":"www.mbprinceton.com","location":{"lat":40.272943,"lon":-74.708708},"address":{"city":"Lawrenceville","state":"NJ","street":"2910 U.S. 1","zip":"08648"}}
{"id":"51114","name":"Mercedes-Benz of Union","website":"www.raycatenaunion.com","location":{"lat":40.6902292,"lon":-74.3040029},"address":{"city":"Union","state":"NJ","street":"2585 Route 22 West","zip":"07083"}}
{"id":"51158","name":"Open Road of Bridgewater","website":"www.openroadmercedesbenz.com","location":{"lat":40.577603,"lon":-74.582635},"address":{"city":"Bridgewater","state":"NJ","street":"1250 Route 22 East","zip":"08807"}}
{"id":"51235","name":"Ray Catena of Freehold","website":"www.raycatenafreehold.com","location":{"lat":40.2836228,"lon":-74.2955921},"address":{"city":"Freehold","state":"NJ","street":"4380 Route 9","zip":"07728"}}
{"id":"54101","name":"Mercedes-Benz of Albuquerque","website":"www.albuquerque.mercedesdealer.com","location":{"lat":35.186831,"lon":-106.579641},"address":{"city":"Albuquerque","state":"NM","street":"8920 Pan American NE","zip":"87113"}}
{"id":"54106","name":"Mercedes-Benz of Santa Fe","website":"www.santafe.mercedesdealer.com","location":{"lat":35.6338065,"lon":-106.02231},"address":{"city":"Santa Fe","state":"NM","street":"2586 Camino Entrada","zip":"87507"}}
{"id":"56106","name":"Helms Bros., Inc.","website":"www.helmsbros.mercedesdealer.com","location":{"lat":40.7588,"lon":-73.7746},"address":{"city":"Bayside","state":"NY","street":"208-24 Northern Blvd.","zip":"11361"}}
{"id":"55132","name":"Keeler Motor Car Company","website":"keyes.mercedesdealer.com","location":{"lat":42.766662,"lon":-73.814608},"address":{"city":"Latham","state":"NY","street":"1111 Troy Schenectady Road","zip":"12110"}}
{"id":"56113","name":"Mercedes-Benz Manhattan, Inc.","website":"www.mbmanhattan.com","location":{"lat":40.759445,"lon":-73.997123},"address":{"city":"New York","state":"NY","street":"770 11th Avenue","zip":"10019"}}
{"id":"55172","name":"Mercedes-Benz of Brooklyn","website":"www.brooklyn.mercedesdealer.com","location":{"lat":40.591792,"lon":-73.994953},"address":{"city":"Brooklyn","state":"NY","street":"1810 Shore Parkway","zip":"11214"}}
{"id":"55201","name":"Mercedes-Benz of Buffalo","website":"www.mercedesbenzbflo.mercedesdealer.com","location":{"lat":42.965055,"lon":-78.688962},"address":{"city":"Williamsville","state":"NY","street":"8185 Main Street","zip":"14221"}}
{"id":"55189","name":"Mercedes-Benz of Goldens Bridge","website":"www.mercedesbenzgb.com","location":{"lat":41.2964811,"lon":-73.6761893},"address":{"city":"Goldens Bridge","state":"NY","street":"321 Route 22","zip":"10526"}}
{"id":"55107","name":"Mercedes-Benz of Huntington","website":"www.mbhuntington.com","location":{"lat":40.834802,"lon":-73.367975},"address":{"city":"Huntington","state":"NY","street":"1103 East Jericho Turnpike","zip":"11743"}}
{"id":"55178","name":"Mercedes-Benz of Massapequa","website":"www.mbofmassapequa.com","location":{"lat":40.6879,"lon":-73.413699},"address":{"city":"Amityville","state":"NY","street":"101 East Sunrise Highway","zip":"11701"}}
{"id":"55106","name":"Mercedes-Benz of Nanuet","website":"www.nanuet.mercedesdealer.com","location":{"lat":41.101601,"lon":-73.99763},"address":{"city":"Nanuet","state":"NY","street":"99 Route 304","zip":"10954"}}
{"id":"55116","name":"Mercedes-Benz of New Rochelle","website":"www.mbnewrochelle.com","location":{"lat":40.921107,"lon":-73.764118},"address":{"city":"New Rochelle","state":"NY","street":"77 East Main Street","zip":"10801"}}
{"id":"55190","name":"Mercedes-Benz of Orange County","website":"www.mercedesbenzoforangecounty.com","location":{"lat":41.3160344,"lon":-74.1425301},"address":{"city":"Harriman","state":"NY","street":"1 Mercedes Way","zip":"10926"}}
{"id":"55146","name":"Mercedes-Benz of Rochester","website":"www.mercedesbenzrochester.com","location":{"lat":43.075221,"lon":-77.643204},"address":{"city":"Rochester","state":"NY","street":"4296 West Henrietta Road","zip":"14623"}}
{"id":"55124","name":"Mercedes-Benz of Rockville Centre","website":"www.lakeview.mercedesdealer.com","location":{"lat":40.656863,"lon":-73.627643},"address":{"city":"Rockville Centre","state":"NY","street":"650 Sunrise Highway","zip":"11570"}}
{"id":"55138","name":"Mercedes-Benz of Smithtown","website":"www.mbofsmithtown.com","location":{"lat":40.860275,"lon":-73.156413},"address":{"city":"St. James","state":"NY","street":"630 Middle Country Road","zip":"11780"}}
{"id":"55126","name":"Mercedes-Benz of Southampton","website":"www.southampton.mercedesdealer.com","location":{"lat":40.89908,"lon":-72.374754},"address":{"city":"Southampton","state":"NY","street":"575 County Road 39","zip":"11968"}}
{"id":"56119","name":"Mercedes-Benz of Syracuse","website":"www.mbsyracuse.com","location":{"lat":43.03828,"lon":-76.018748},"address":{"city":"Fayetteville","state":"NY","street":"5433 North Burdick Street","zip":"13066"}}
{"id":"55181","name":"Mercedes-Benz of Wappingers Falls","website":"www.mercedesbenzofwappingersfalls.com","location":{"lat":41.574947,"lon":-73.907578},"address":{"city":"Wappingers Falls","state":"NY","street":"134 Old Post Road","zip":"12590"}}
{"id":"55143","name":"Mercedes-Benz of White Plains","website":"www.mbwhiteplains.com","location":{"lat":41.0284,"lon":-73.774549},"address":{"city":"White Plains","state":"NY","street":"50 Bank Street","zip":"10606"}}
{"id":"55109","name":"Rallye Motors LLC","website":"www.rallyemotors.com","location":{"lat":40.804831,"lon":-73.642699},"address":{"city":"Roslyn","state":"NY","street":"1600 Northern Blvd.","zip":"11576"}}
{"id":"55110","name":"Silver Star Motors","website":"www.silverstarny.com","location":{"lat":40.7521,"lon":-73.927666},"address":{"city":"Long Island City","state":"NY","street":"36-11 Northern Boulevard","zip":"11101"}}
{"id":"59229","name":"Bob King Autohaus","website":"www.king.mercedesdealer.com","location":{"lat":34.23931,"lon":-77.876737},"address":{"city":"Wilmington","state":"NC","street":"5115 New Centre Drive","zip":"28406"}}
{"id":"59113","name":"Hendrick Motors of Charlotte","website":"www.hendrick-charlotte.mercedesdealer.com","location":{"lat":35.18772,"lon":-80.759916},"address":{"city":"Charlotte","state":"NC","street":"5201 E. Independence Blvd","zip":"28212"}}
{"id":"59142","name":"Mercedes-Benz of Asheville","website":"www.ashevillemercedesbenz.com","location":{"lat":35.555695,"lon":-82.641207},"address":{"city":"Asheville","state":"NC","street":"255 Smoky Park Highway","zip":"28816"}}
{"id":"59106","name":"Mercedes-Benz of Cary","website":"www.cary.mercedesdealer.com","location":{"lat":35.738142,"lon":-78.81423},"address":{"city":"Cary","state":"NC","street":"2400 Auto Park Boulevard","zip":"27511"}}
{"id":"59128","name":"Mercedes-Benz of Durham","website":"www.mercedesbenzofdurham.com","location":{"lat":35.899153,"lon":-78.940778},"address":{"city":"Durham","state":"NC","street":"110 Kentington Drive","zip":"27713"}}
{"id":"59129","name":"Mercedes-Benz of Fayetteville","website":"www.mercedesbenzoffayetteville.com","location":{"lat":35.075962,"lon":-78.932871},"address":{"city":"Fayetteville","state":"NC","street":"3203 Bragg Blvd.","zip":"28303"}}
{"id":"59104","name":"Mercedes-Benz of Greensboro","website":"www.greensboro.mercedesdealer.com","location":{"lat":36.059488,"lon":-79.870863},"address":{"city":"Greensboro","state":"NC","street":"819 Norwalk","zip":"27407"}}
{"id":"59122","name":"Mercedes-Benz of Northlake","website":"www.northlake.mercedesdealer.com","location":{"lat":35.367656,"lon":-80.833087},"address":{"city":"Charlotte","state":"NC","street":"10725 Northlake Auto Plaza Blv","zip":"28269"}}
{"id":"59218","name":"Mercedes-Benz of Raleigh","website":"www.mercedesbenzraleigh.com","location":{"lat":35.8637534,"lon":-78.585048},"address":{"city":"Raleigh","state":"NC","street":"5607 Capital Blvd","zip":"27616"}}
{"id":"59110","name":"Mercedes-Benz of South Charlotte","website":"www.mbcharlotte.com","location":{"lat":35.093166,"lon":-80.884457},"address":{"city":"Pineville","state":"NC","street":"950 North Polk Street","zip":"28134"}}
{"id":"59215","name":"Mercedes-Benz of Winston-Salem","website":"www.salem.mercedesdealer.com","location":{"lat":36.069475,"lon":-80.340141},"address":{"city":"Winston-Salem","state":"NC","street":"691 Jonestown Road","zip":"27114"}}
{"id":"61406","name":"Valley Imports, Inc.","website":"www.valleyimports.mercedesdealer.com","location":{"lat":46.871578,"lon":-96.845799},"address":{"city":"Fargo","state":"ND","street":"402 40th Street Sw","zip":"58103"}}
{"id":"62404","name":"Coppus Motors, Inc.","website":"www.coppus.mercedesdealer.com","location":{"lat":41.11031,"lon":-83.212451},"address":{"city":"Tiffin","state":"OH","street":"2190 West Market Street","zip":"44883"}}
{"id":"62423","name":"Crown Eurocars, Inc.","website":"www.crowneurocar.mercedesdealer.com","location":{"lat":40.1003,"lon":-83.156319},"address":{"city":"Dublin","state":"OH","street":"6500 Perimeter Loop Road","zip":"43017"}}
{"id":"62221","name":"Fred Martin of Youngstown","website":"www.martin.mercedesdealer.com","location":{"lat":41.100964,"lon":-80.74083},"address":{"city":"Youngstown","state":"OH","street":"4701 Mahoning Ave.","zip":"44515"}}
{"id":"62100","name":"Kempthorn Motors, Inc.","website":"www.kempthorn.mercedesdealer.com","location":{"lat":40.813937,"lon":-81.3818757},"address":{"city":"Canton","state":"OH","street":"1449 Cleveland Ave. N W","zip":"44703"}}
{"id":"62113","name":"Mansfield Motor Group","website":"www.mansfield.mercedesdealer.com","location":{"lat":40.759426,"lon":-82.566289},"address":{"city":"Mansfield","state":"OH","street":"1493 Park Avenue, West","zip":"44906"}}
{"id":"62103","name":"Mercedes-Benz of Akron","website":"www.mercedesbenzofakron.com","location":{"lat":41.0640383,"lon":-81.4787101},"address":{"city":"Akron","state":"OH","street":"1361 East Market Street","zip":"44305"}}
{"id":"62106","name":"Mercedes-Benz of Bedford","website":"www.mbofbedford.com","location":{"lat":41.403115,"lon":-81.551853},"address":{"city":"Bedford","state":"OH","street":"18122 Rockside Road","zip":"44146"}}
{"id":"62414","name":"Mercedes-Benz of Centerville","website":"www.centerville.mercedesdealer.com","location":{"lat":39.64893,"lon":-84.157099},"address":{"city":"Centerville","state":"OH","street":"1 Loop Road","zip":"45459"}}
{"id":"62132","name":"Mercedes-Benz of Cincinnati","website":"www.mbcincy.com","location":{"lat":39.2139831,"lon":-84.3621797},"address":{"city":"Cincinnati","state":"OH","street":"8727 Montgomery Road","zip":"45236"}}
{"id":"62109","name":"Mercedes-Benz of Easton","website":"www.easton.mercedesdealer.com","location":{"lat":40.056866,"lon":-82.918294},"address":{"city":"Columbus","state":"OH","street":"4300 Morse Crossing","zip":"43219"}}
{"id":"62111","name":"Mercedes-Benz of North Olmsted","website":"www.northolmsted.mercedesdealer.com","location":{"lat":41.409838,"lon":-81.936541},"address":{"city":"North Olmsted","state":"OH","street":"28450 Lorain Road","zip":"44070"}}
{"id":"62133","name":"Mercedes-Benz of West Chester","website":"www.westchesterbenz.com","location":{"lat":39.3195642,"lon":-84.4307205},"address":{"city":"West Chester","state":"OH","street":"5897 Muhlhauser Road","zip":"45069"}}
{"id":"62214","name":"Mercedes-Benz of Willoughby","website":"www.willoughby.mercedesdealer.com","location":{"lat":41.644609,"lon":-81.393286},"address":{"city":"Willoughby","state":"OH","street":"38750 Mentor Avenue","zip":"44094"}}
{"id":"62405","name":"Vin Devers, Inc.","website":"www.vindeversmercedes.com","location":{"lat":41.707409,"lon":-83.668771},"address":{"city":"Sylvania","state":"OH","street":"5570 Monroe Street","zip":"43560"}}
{"id":"65100","name":"Jackie Cooper Imports","website":"www.cooper.mercedesdealer.com","location":{"lat":36.02445,"lon":-95.886399},"address":{"city":"Tulsa","state":"OK","street":"9393 S. Memorial","zip":"74133"}}
{"id":"65101","name":"Mercedes-Benz of Oklahoma City","website":"www.mercedesbenzofokc.com","location":{"lat":35.4806116,"lon":-97.5147724},"address":{"city":"Edmond","state":"OK","street":"14240 Broadway Extension","zip":"73013"}}
{"id":"66123","name":"Mercedes-Benz of Beaverton","website":"www.beaverton.mercedesdealer.com","location":{"lat":45.495518,"lon":-122.772181},"address":{"city":"Portland","state":"OR","street":"9275 SW Canyon Road","zip":"97225"}}
{"id":"66128","name":"Mercedes-Benz of Bend","website":"www.bend.mercedesdealer.com","location":{"lat":44.0153,"lon":-121.3016},"address":{"city":"Bend","state":"OR","street":"61440 S. Third Street","zip":"97702"}}
{"id":"66103","name":"Mercedes-Benz of Eugene","website":"www.mbeugene.com","location":{"lat":44.0593027,"lon":-123.078737},"address":{"city":"Eugene","state":"OR","street":"2200 Martin Luther King Jr Blv","zip":"97401"}}
{"id":"66127","name":"Mercedes-Benz of Medford","website":"www.medford.mercedesdealer.com","location":{"lat":42.364278,"lon":-122.855656},"address":{"city":"Medford","state":"OR","street":"3240 Crater Lake Avenue","zip":"97504"}}
{"id":"66114","name":"Mercedes-Benz of Portland","website":"www.portland.mercedesdealer.com","location":{"lat":45.510942,"lon":-122.676125},"address":{"city":"Portland","state":"OR","street":"1605 SW Naito Parkway","zip":"97201"}}
{"id":"66607","name":"Mercedes-Benz of Salem","website":"www.valleymb.com","location":{"lat":44.918165,"lon":-123.044899},"address":{"city":"Salem","state":"OR","street":"2405 Commercial S E","zip":"97302"}}
{"id":"66126","name":"Mercedes-Benz of Wilsonville","website":"www.wilsonville.mercedesdealer.com","location":{"lat":45.340007,"lon":-122.766196},"address":{"city":"Wilsonville","state":"OR","street":"25035 SW Parkway Avenue","zip":"97070"}}
{"id":"67102","name":"Bobby Rahal Motorcar Co.","website":"www.bobbyrahalmotorcar.com","location":{"lat":40.6144,"lon":-80.054923},"address":{"city":"Wexford","state":"PA","street":"10701 Perry Highway","zip":"15090"}}
{"id":"68206","name":"Bud Smail Motorcars, Ltd.","website":"www.smail.mercedesdealer.com","location":{"lat":40.3032,"lon":-79.50695},"address":{"city":"Greensburg","state":"PA","street":"Route 30 East","zip":"15601"}}
{"id":"67303","name":"Contemporary Motorcar Ltd.","website":"www.cml.mercedesdealer.com","location":{"lat":42.082503,"lon":-80.089474},"address":{"city":"Erie","state":"PA","street":"4910 Peach Street","zip":"16509"}}
{"id":"67116","name":"EuroMotorcars Devon, Inc.","website":"www.mbofdevon.com","location":{"lat":40.045397,"lon":-75.424403},"address":{"city":"Devon","state":"PA","street":"214 West Lancaster Ave.","zip":"19333"}}
{"id":"67231","name":"John Sisson Motors, Inc.","website":"www.sisson.mercedesdealer.com","location":{"lat":40.188509,"lon":-80.216014},"address":{"city":"Washington","state":"PA","street":"470 Washington Road","zip":"15301"}}
{"id":"67294","name":"Keenan Motors","website":"www.keenanmercedes.com","location":{"lat":40.3304219,"lon":-75.129887},"address":{"city":"Doylestown","state":"PA","street":"3664 N Easton Rd","zip":"18902"}}
{"id":"67114","name":"Mercedes-Benz of Fort Washington","website":"www.mercedes-benz-fort-washington.com","location":{"lat":40.136838,"lon":-75.211432},"address":{"city":"Fort Washington","state":"PA","street":"404 Pennsylvania Ave.","zip":"19034"}}
{"id":"67207","name":"Mercedes-Benz of Lancaster","website":"www.lancaster.mercedesdealer.com","location":{"lat":40.085348,"lon":-76.344914},"address":{"city":"East Petersburg","state":"PA","street":"5100 Main Street","zip":"17520"}}
{"id":"67162","name":"Mercedes-Benz of Lehigh Valley","website":"www.mboflehighvalley.com","location":{"lat":40.5532759,"lon":-75.489593},"address":{"city":"Allentown","state":"PA","street":"3401 Lehigh Street","zip":"18103"}}
{"id":"67110","name":"Mercedes-Benz of Pittsburgh","website":"www.mercedesbenzofpittsburgh.com","location":{"lat":40.454058,"lon":-79.949537},"address":{"city":"Pittsburgh","state":"PA","street":"4709 Baum Blvd.","zip":"15213"}}
{"id":"67113","name":"Mercedes-Benz of State College","website":"www.statecollege.mercedesdealer.com","location":{"lat":40.759682,"lon":-77.877692},"address":{"city":"State College","state":"PA","street":"3220 West College Avenue","zip":"16801"}}
{"id":"67115","name":"Mercedes-Benz of West Chester","website":"www.mercedes-benz-west-chester.com","location":{"lat":39.9097923,"lon":-75.5709282},"address":{"city":"West Chester","state":"PA","street":"1260 Wilmington Pike","zip":"19382"}}
{"id":"67227","name":"Mercedes-Benz of Wilkes-Barre","website":"www.motorworldgroupmercedes.com","location":{"lat":41.2547865,"lon":-75.8371607},"address":{"city":"Wilkes-Barre","state":"PA","street":"150 Motorworld Drive","zip":"18703"}}
{"id":"67267","name":"Sun Motor Cars, Inc.","website":"www.sunmotor.mercedesdealer.com","location":{"lat":40.237764,"lon":-76.959163},"address":{"city":"Mechanicsburg","state":"PA","street":"6677 Carlisle Pike","zip":"17050"}}
{"id":"67234","name":"Tom Masano, Inc.","website":"www.masano.mercedesdealer.com","location":{"lat":40.31579,"lon":-75.940009},"address":{"city":"Reading","state":"PA","street":"815 Lancaster Ave.","zip":"19607"}}
{"id":"70301","name":"Garage Isla Verde, Inc.","website":"www.islaverde.mercedesdealer.com","location":{"lat":18.4353,"lon":-66.0143},"address":{"city":"Carolina","state":"PR","street":"Ave Baldorioty De Castro","zip":"00979"}}
{"id":"71100","name":"Mercedes-Benz of Warwick","website":"www.warwickmb.com","location":{"lat":41.698795,"lon":-71.496644},"address":{"city":"Warwick","state":"RI","street":"1557 Bald Hill Road","zip":"02886"}}
{"id":"71108","name":"Viti Mercedes-Benz","website":"www.viti.mercedesdealer.com","location":{"lat":41.64304,"lon":-71.187159},"address":{"city":"Tiverton","state":"RI","street":"975 Fish Road","zip":"02878"}}
{"id":"72320","name":"Baker Motor Company of Charleston, Inc.","website":"www.baker.mercedesdealer.com","location":{"lat":32.785744,"lon":-80.007011},"address":{"city":"Charleston","state":"SC","street":"1511 Savannah Hwy.","zip":"29407"}}
{"id":"72100","name":"Carlton Motorcars, Inc.","website":"www.carlton.mercedesdealer.com","location":{"lat":34.827543,"lon":-82.346551},"address":{"city":"Greenville","state":"SC","street":"2446 Laurens Road","zip":"29607"}}
{"id":"72307","name":"Dick Dyer","website":"www.dyer.mercedesdealer.com","location":{"lat":34.053399,"lon":-80.9781},"address":{"city":"Columbia","state":"SC","street":"5825 Two Notch Road","zip":"29223"}}
{"id":"72120","name":"Mercedes-Benz of Florence","website":"www.florence.mercedesdealer.com","location":{"lat":34.186982,"lon":-79.817189},"address":{"city":"Florence","state":"SC","street":"2199 David McLeod Blvd","zip":"29501"}}
{"id":"72319","name":"Mercedes-Benz of Hilton Head","website":"hiltonhead.mercedesdealer.com","location":{"lat":32.2917398,"lon":-80.9199572},"address":{"city":"Bluffton","state":"SC","street":"155 Fording Island Rd.","zip":"29910"}}
{"id":"72126","name":"Mercedes-Benz of Mount Pleasant","website":"www.mountpleasant.mercedesdealer.com","location":{"lat":32.8388037,"lon":-79.8198814},"address":{"city":"Mount Pleasant","state":"SC","street":"2121 North Highway 17","zip":"29466"}}
{"id":"72128","name":"Mercedes-Benz of Myrtle Beach","website":"mercedesbenzofmyrtlebeach.com","location":{"lat":33.788778,"lon":-78.995341},"address":{"city":"Myrtle Beach","state":"SC","street":"936 Jason Blvd.","zip":"29577"}}
{"id":"73100","name":"Mercedes-Benz of Sioux Falls","website":"www.siouxfalls.mercedesdealer.com","location":{"lat":43.53215,"lon":-96.731289},"address":{"city":"Sioux Falls","state":"SD","street":"4410 W. 12th St.","zip":"57107"}}
{"id":"74312","name":"Long of Chattanooga","website":"www.longco.mercedesdealer.com","location":{"lat":35.059733,"lon":-85.192057},"address":{"city":"Chattanooga","state":"TN","street":"6039 International Drive","zip":"37422"}}
{"id":"74121","name":"Mercedes-Benz of Collierville","website":"www.mbcollierville.com","location":{"lat":35.021407,"lon":-89.737077},"address":{"city":"Collierville","state":"TN","street":"4651 S. Houston Levee Road","zip":"38017"}}
{"id":"74311","name":"Mercedes-Benz of Kingsport","website":"www.kingsport.mercedesdealer.com","location":{"lat":36.5563125,"lon":-82.5377757},"address":{"city":"Kingsport","state":"TN","street":"867 E Stone Dr","zip":"37660"}}
{"id":"74303","name":"Mercedes-Benz of Knoxville","website":"www.mercedesofknoxville.com","location":{"lat":35.90858,"lon":-84.123911},"address":{"city":"Knoxville","state":"TN","street":"10131 Parkside Drive","zip":"37922"}}
{"id":"74320","name":"Mercedes-Benz of Memphis","website":"www.mbofmemphis.com","location":{"lat":35.106978,"lon":-89.882168},"address":{"city":"Memphis","state":"TN","street":"5389 Poplar Avenue","zip":"38119"}}
{"id":"74123","name":"Mercedes-Benz of Music City","website":"www.mbofmc.com","location":{"lat":36.14284,"lon":-86.7006144},"address":{"city":"Nashville","state":"TN","street":"734 Envious Lane","zip":"37217"}}
{"id":"74102","name":"Mercedes-Benz of Nashville","website":"www.nashville.mercedesdealer.com","location":{"lat":35.958791,"lon":-86.804596},"address":{"city":"Franklin","state":"TN","street":"630 Bakers Bridge Avenue","zip":"37067"}}
{"id":"75141","name":"Alderson European Motors","website":"www.lubbock.mercedesdealer.com","location":{"lat":33.579871,"lon":-101.845599},"address":{"city":"Lubbock","state":"TX","street":"1702 Texas Avenue","zip":"79401"}}
{"id":"75142","name":"Alderson European Motors","website":"www.midland.mercedesdealer.com","location":{"lat":31.980906,"lon":-102.112448},"address":{"city":"Midland","state":"TX","street":"5801 Andrews Highway","zip":"79706"}}
{"id":"75152","name":"Cardenas Metroplex","website":"www.cardenas.mercedesdealer.com","location":{"lat":26.19147,"lon":-97.663059},"address":{"city":"Harlingen","state":"TX","street":"111 South Loop 499","zip":"78550"}}
{"id":"75540","name":"Ed Hicks Imports, Ltd.","website":"hicks.mercedesdealer.com","location":{"lat":27.730556,"lon":-97.41633},"address":{"city":"Corpus Christi","state":"TX","street":"3102 South Padre Island Drive","zip":"78415"}}
{"id":"75513","name":"Mercedes-Benz of Austin Texas","website":"www.mercedesbenzofaustin.com","location":{"lat":30.333154,"lon":-97.716529},"address":{"city":"Austin","state":"TX","street":"6757 Airport Blvd.","zip":"78752"}}
{"id":"75113","name":"Mercedes-Benz of Beaumont","website":"www.mbofbeaumont.com","location":{"lat":30.058264,"lon":-94.136157},"address":{"city":"Beaumont","state":"TX","street":"1865 I-10 South","zip":"77701"}}
{"id":"75189","name":"Mercedes-Benz of Boerne","website":"www.mbboerne.com","location":{"lat":29.745576,"lon":-98.694424},"address":{"city":"Boerne","state":"TX","street":"31445 Interstate 10 West","zip":"78006"}}
{"id":"75188","name":"Mercedes-Benz of Clear Lake","website":"www.clearlake.mercedesdealer.com","location":{"lat":29.497227,"lon":-95.110111},"address":{"city":"League City","state":"TX","street":"500 Gulf Freeway South","zip":"77573"}}
{"id":"75556","name":"Mercedes-Benz of El Paso","website":"www.mercedesbenzelpaso.com","location":{"lat":31.780744,"lon":-106.391832},"address":{"city":"El Paso","state":"TX","street":"1122 Airway Boulevard","zip":"79925"}}
{"id":"75199","name":"Mercedes-Benz of Georgetown","website":"www.mbofgeorgetown.com","location":{"lat":30.580791,"lon":-97.691481},"address":{"city":"Georgetown","state":"TX","street":"7401 IH 35 South","zip":"78626"}}
{"id":"75116","name":"Mercedes-Benz of Houston Greenway","website":"www.houston-greenway.mercedesdealer.com","location":{"lat":29.7297564,"lon":-95.4393862},"address":{"city":"Houston","state":"TX","street":"3900 Southwest Freeway","zip":"77027"}}
{"id":"75117","name":"Mercedes-Benz of Houston North","website":"www.houston-north.mercedesdealer.com","location":{"lat":30.022429,"lon":-95.428399},"address":{"city":"Houston","state":"TX","street":"17510 I-45 North Freeway","zip":"77090"}}
{"id":"75563","name":"Mercedes-Benz of Laredo","website":"www.mboflaredo.com","location":{"lat":27.5573587,"lon":-99.4485156},"address":{"city":"Laredo","state":"TX","street":"6912 Bob Bullock Loop,","zip":"78041"}}
{"id":"75224","name":"Mercedes-Benz of McKinney","website":"www.mercedesbenzofmckinney.com","location":{"lat":33.2220833,"lon":-96.6358554},"address":{"city":"McKinney","state":"TX","street":"2080 N. Central Expressway","zip":"75070"}}
{"id":"75534","name":"Mercedes-Benz of Plano","website":"www.mercedesbenzofplano.com","location":{"lat":33.0624864,"lon":-96.8282419},"address":{"city":"Plano","state":"TX","street":"6455 Dallas Parkway","zip":"75024"}}
{"id":"75565","name":"Mercedes-Benz of San Antonio","website":"www.mbofsa.com","location":{"lat":29.527733,"lon":-98.498089},"address":{"city":"San Antonio","state":"TX","street":"9600 San Pedro","zip":"78216"}}
{"id":"75167","name":"Mercedes-Benz of San Juan","website":"www.mbsanjuantx.com","location":{"lat":26.197716,"lon":-98.148306},"address":{"city":"San Juan","state":"TX","street":"400 East Expressway 83","zip":"78589"}}
{"id":"75128","name":"Mercedes-Benz of Sugar Land","website":"www.mbsugarland.com","location":{"lat":29.600523,"lon":-95.619658},"address":{"city":"Sugar Land","state":"TX","street":"15625 Southwest Freeway","zip":"77478"}}
{"id":"75172","name":"Mercedes-Benz of Texarkana","website":"www.texarkana.mercedesdealer.com","location":{"lat":33.45383,"lon":-94.06512},"address":{"city":"Texarkana","state":"TX","street":"804 Sowell Lane","zip":"75501"}}
{"id":"75197","name":"Mercedes-Benz of The Woodlands","website":"www.woodlands.mercedesdealer.com","location":{"lat":30.211957,"lon":-95.455418},"address":{"city":"The Woodlands","state":"TX","street":"16917 Interstate 45 South","zip":"77385"}}
{"id":"75110","name":"Mercedes-Benz of Tyler","website":"www.mercedesbenzoftyler.com","location":{"lat":32.3037,"lon":-95.322881},"address":{"city":"Tyler","state":"TX","street":"3274 Professional Drive","zip":"75701"}}
{"id":"75201","name":"Mercedes-Benz of Waco","website":"www.samuels.mercedesdealer.com","location":{"lat":31.5328176,"lon":-97.2007517},"address":{"city":"Waco","state":"TX","street":"1625 North Valley Mills Dr.","zip":"76710"}}
{"id":"75226","name":"Mercedes-Benz of West Houston","website":"www.mercedesbenz-westhouston.com","location":{"lat":29.7865037,"lon":-95.6452307},"address":{"city":"Houston","state":"TX","street":"1025 Highway 6 North","zip":"77079"}}
{"id":"75198","name":"Park Place Motorcars Arlington","website":"www.parkplace-arlington.mercedesdealer.com","location":{"lat":32.676417,"lon":-97.105099},"address":{"city":"Arlington","state":"TX","street":"4201 Beltway Place","zip":"76018"}}
{"id":"75568","name":"Park Place Motorcars Dallas","website":"www.parkplace-dallas.mercedesdealer.com","location":{"lat":32.832763,"lon":-96.82889},"address":{"city":"Dallas","state":"TX","street":"6113 Lemmon Avenue","zip":"75209"}}
{"id":"75137","name":"Park Place Motorcars Fort Worth","website":"www.parkplace-fortworth.mercedesdealer.com","location":{"lat":32.66774,"lon":-97.419478},"address":{"city":"Fort Worth","state":"TX","street":"5601 Bryant Irvin Road","zip":"76132"}}
{"id":"75118","name":"Park Place Motorcars Grapevine","website":"www.parkplace-grapevine.mercedesdealer.com","location":{"lat":32.9260274,"lon":-97.0629735},"address":{"city":"Grapevine","state":"TX","street":"1300 Texan Trail","zip":"76051"}}
{"id":"75517","name":"Patterson Auto Center","website":"www.wichitafalls.mercedesdealer.com","location":{"lat":33.890648,"lon":-98.48725},"address":{"city":"Wichita Falls","state":"TX","street":"315 Central Freeway East","zip":"76302"}}
{"id":"75522","name":"Star Motor Cars","website":"mercedesbenz.starmotorcars.com","location":{"lat":29.78261,"lon":-95.442869},"address":{"city":"Houston","state":"TX","street":"7000 Katy Road","zip":"77024"}}
{"id":"78102","name":"Mercedes-Benz of Draper","website":"www.mbdraper.com","location":{"lat":40.5415438,"lon":-111.9010844},"address":{"city":"Draper","state":"UT","street":"11548 S. Lone Peak Parkway","zip":"84020"}}
{"id":"78111","name":"Mercedes-Benz of Farmington","website":"www.mercedesfarmington.com","location":{"lat":40.9924058,"lon":-111.8997269},"address":{"city":"Farmington","state":"UT","street":"555West Bourne Circle","zip":"84025"}}
{"id":"78602","name":"Mercedes-Benz of Salt Lake City","website":"www.kengarffmercedes.com","location":{"lat":40.75683,"lon":-111.888199},"address":{"city":"Salt Lake City","state":"UT","street":"575 South State St.","zip":"84111"}}
{"id":"78109","name":"Mercedes-Benz of St. George","website":"www.mbofstgeorge.com","location":{"lat":37.0775163,"lon":-113.5978937},"address":{"city":"St. George","state":"UT","street":"1792 S. Black Ridge Drive","zip":"84770"}}
{"id":"79103","name":"The Automaster","website":"www.automaster.mercedesdealer.com","location":{"lat":44.3878,"lon":-73.22},"address":{"city":"Shelburne","state":"VT","street":"3328 Shelburne Road","zip":"05482"}}
{"id":"80134","name":"Berglund Luxury Auto","website":"www.berglund.mercedesdealer.com","location":{"lat":37.396035,"lon":-79.228719},"address":{"city":"Lynchburg","state":"VA","street":"2643 Lakeside Drive","zip":"24501"}}
{"id":"80101","name":"Mercedes-Benz of Alexandria","website":"www.alexandria.mercedesdealer.com","location":{"lat":38.80887,"lon":-77.124163},"address":{"city":"Alexandria","state":"VA","street":"200 S. Pickett Street","zip":"22304"}}
{"id":"80201","name":"Mercedes-Benz of Arlington","website":"www.arlington.mercedesdealer.com","location":{"lat":38.876593,"lon":-77.108877},"address":{"city":"Arlington","state":"VA","street":"585 North Glebe Road","zip":"22203"}}
{"id":"80111","name":"Mercedes-Benz of Chantilly","website":"www.mbchantilly.com","location":{"lat":38.8975705,"lon":-77.4634022},"address":{"city":"Chantilly","state":"VA","street":"14841 Stonecroft Center Court","zip":"20151"}}
{"id":"80151","name":"Mercedes-Benz of Charlottesville","website":"www.charlottesville.mercedesdealer.com","location":{"lat":38.032699,"lon":-78.4488053},"address":{"city":"Charlottesville","state":"VA","street":"1381 Richmond Road","zip":"22911"}}
{"id":"80107","name":"Mercedes-Benz of Fredericksburg","website":"www.mboffredericksburg.com","location":{"lat":38.31222,"lon":-77.505629},"address":{"city":"Fredericksburg","state":"VA","street":"3400 Fall Hill Avenue","zip":"22401"}}
{"id":"80210","name":"Mercedes-Benz of Hampton","website":"www.tysingermercedes.com","location":{"lat":37.062535,"lon":-76.399993},"address":{"city":"Hampton","state":"VA","street":"2712 Magruder Blvd","zip":"23666"}}
{"id":"80102","name":"Mercedes-Benz of Midlothian","website":"www.mbofmidlothian.com","location":{"lat":37.50417,"lon":-77.623429},"address":{"city":"Midlothian","state":"VA","street":"12200 Midlothian Turnpike","zip":"23113"}}
{"id":"80206","name":"Mercedes-Benz of Richmond","website":"www.mbofrichmond.com","location":{"lat":37.630277,"lon":-77.535697},"address":{"city":"Richmond","state":"VA","street":"8225 West Broad Street","zip":"23294"}}
{"id":"80136","name":"Mercedes-Benz of Roanoke","website":"www.mercedesbenzofroanoke.com","location":{"lat":37.207338,"lon":-79.95441},"address":{"city":"Roanoke","state":"VA","street":"5040 Franklin Rd. S.W.","zip":"24014"}}
{"id":"80215","name":"Mercedes-Benz of Tysons Corner","website":"www.mboftysons.com","location":{"lat":38.929226,"lon":-77.24223},"address":{"city":"Vienna","state":"VA","street":"8545 Leesburg Pk - Rte 7","zip":"22182"}}
{"id":"80133","name":"Mercedes-Benz of Virginia Beach","website":"www.mercedesbenzofvirginiabeach.com","location":{"lat":36.843616,"lon":-76.148344},"address":{"city":"Virginia Beach","state":"VA","street":"4949 Virginia Beach Blvd.","zip":"23462"}}
{"id":"84116","name":"Mercedes-Benz of Bellevue","website":"www.bellevue.mercedesdealer.com","location":{"lat":47.61806,"lon":-122.179927},"address":{"city":"Bellevue","state":"WA","street":"11850 Bellevue - Redmond Rd.","zip":"98005"}}
{"id":"84117","name":"Mercedes-Benz of Bellingham","website":"www.mbofbellingham.com","location":{"lat":48.7546009,"lon":-122.460428},"address":{"city":"Bellingham","state":"WA","street":"1100 Iowa Street","zip":"98228"}}
{"id":"84104","name":"Mercedes-Benz of Lynnwood","website":"www.lynnwood.mercedesdealer.com","location":{"lat":47.812794,"lon":-122.322302},"address":{"city":"Lynnwood","state":"WA","street":"17800 Highway 99","zip":"98037"}}
{"id":"84112","name":"Mercedes-Benz of Seattle","website":"www.seattle.mercedesdealer.com","location":{"lat":47.5842927,"lon":-122.3217823},"address":{"city":"Seattle","state":"WA","street":"2025 Airport Way South","zip":"98134"}}
{"id":"84123","name":"Mercedes-Benz of Spokane","website":"www.spokanemercedes.com","location":{"lat":47.6709944,"lon":-117.1125118},"address":{"city":"Liberty Lake","state":"WA","street":"21802 E. George Gee Avenue","zip":"99019"}}
{"id":"84100","name":"Mercedes-Benz of Tacoma","website":"www.tacoma.mercedesdealer.com","location":{"lat":47.238997,"lon":-122.374648},"address":{"city":"Fife","state":"WA","street":"1701 Alexander Avenue E","zip":"98424"}}
{"id":"84614","name":"Mercedes-Benz of Tri-Cities","website":"www.tri-cities.mercedesdealer.com","location":{"lat":46.209725,"lon":-119.213662},"address":{"city":"Kennewick","state":"WA","street":"6901 West Clearwater Ave.","zip":"99336"}}
{"id":"84611","name":"Mercedes-Benz of Yakima","website":"www.stevehahnmercedesbenz.com","location":{"lat":46.5787072,"lon":-120.4933399},"address":{"city":"Yakima","state":"WA","street":"1730 South First Street","zip":"98901"}}
{"id":"85210","name":"Astorg Motor Co.","website":"www.astorg.mercedesdealer.com","location":{"lat":39.268541,"lon":-81.521435},"address":{"city":"Parkersburg","state":"WV","street":"2028 Seventh Street","zip":"26102"}}
{"id":"85100","name":"Mercedes-Benz of Charleston","website":"www.mercedesbenzofcharleston.com","location":{"lat":38.3267297,"lon":-81.7131228},"address":{"city":"Charleston","state":"WV","street":"5 Dudley Farms Lane","zip":"25309"}}
{"id":"85220","name":"Mercedes-Benz of Morgantown","website":"www.morgantown.mercedesdealer.com","location":{"lat":39.605753,"lon":-79.967813},"address":{"city":"Morgantown","state":"WV","street":"60 Don Knotts Blvd.","zip":"26507"}}
{"id":"86432","name":"Enterprise Motorcars, Inc.","website":"www.enterprise.mercedesdealer.com","location":{"lat":44.290845,"lon":-88.47072},"address":{"city":"Appleton","state":"WI","street":"3002 Victory Lane","zip":"54913"}}
{"id":"86435","name":"International Autos, Inc.","website":"www.internationalmb.com","location":{"lat":43.0006,"lon":-88.046809},"address":{"city":"West Allis","state":"WI","street":"2400 South 108th St","zip":"53227"}}
{"id":"86102","name":"Mercedes-Benz of Elmbrook","website":"www.mbofelmbrook.com","location":{"lat":43.029845,"lon":-88.183247},"address":{"city":"Waukesha","state":"WI","street":"2230 E. Moreland Blvd.","zip":"53186"}}
{"id":"86111","name":"Mercedes-Benz of Milwaukee North","website":"www.mercedesofmilwaukeenorth.com","location":{"lat":43.1196687,"lon":-87.9282826},"address":{"city":"Glendale","state":"WI","street":"1400 West Silver Spring Drive","zip":"53209"}}
{"id":"86416","name":"Zimbrick European","website":"www.zimbrickmercedesbenz.com","location":{"lat":43.0389436,"lon":-89.3797598},"address":{"city":"Madison","state":"WI","street":"2300 Rimrock Road","zip":"53713"}}